1,4,3,3,2019-12-21 00:00:00+03,32708400
2,3,3,1,2020-04-27 00:00:00+03,23202936
3,3,1,3,2022-01-23 00:00:00+03,8356640
4,3,3,3,2024-09-21 00:00:00+03,39070652
5,4,1,3,2019-04-15 00:00:00+03,14880818
6,1,2,3,2023-12-01 00:00:00+03,24826549
7,2,2,2,2021-04-20 00:00:00+03,22204830
8,2,1,2,2024-08-23 00:00:00+03,46052070
9,2,1,3,2021-08-01 00:00:00+03,39918923
10,4,1,1,2020-03-25 00:00:00+03,12846618
11,3,1,2,2022-09-17 00:00:00+03,33530915
12,4,3,1,2022-04-24 00:00:00+03,31935367
13,1,2,3,2019-05-04 00:00:00+03,42104586
14,3,2,1,2021-09-01 00:00:00+03,44552213
15,5,1,3,2022-05-28 00:00:00+03,35061528
16,5,1,1,2021-03-04 00:00:00+03,43332708
17,2,2,2,2022-05-20 00:00:00+03,28598165
18,1,2,1,2024-03-19 00:00:00+03,35296378
19,4,1,3,2019-02-14 00:00:00+03,8403101
20,1,2,1,2020-11-02 00:00:00+03,29734167
21,5,3,3,2024-03-11 00:00:00+03,39456943
22,1,3,3,2022-04-08 00:00:00+03,8865818
23,5,2,3,2019-08-03 00:00:00+03,26180861
24,4,1,1,2019-01-26 00:00:00+03,41621863
25,1,3,1,2020-07-29 00:00:00+03,21064233
26,4,1,2,2021-03-08 00:00:00+03,42984759
27,4,3,3,2022-11-27 00:00:00+03,41166558
28,3,1,1,2020-09-06 00:00:00+03,40777939
29,1,1,2,2019-10-25 00:00:00+03,48383097
30,4,3,2,2022-03-01 00:00:00+03,48436354
31,3,2,3,2023-01-15 00:00:00+03,40530383
32,1,1,3,2019-05-22 00:00:00+03,6324387
33,3,1,2,2022-12-09 00:00:00+03,15062549
34,2,1,3,2022-12-21 00:00:00+03,28057891
35,2,3,1,2024-11-22 00:00:00+03,15180611
36,5,1,3,2024-06-03 00:00:00+03,45067897
37,5,2,2,2022-11-16 00:00:00+03,13031064
38,5,1,3,2023-02-15 00:00:00+03,10924856
39,1,2,3,2021-07-11 00:00:00+03,9516142
40,2,2,2,2022-01-26 00:00:00+03,14832802
41,1,1,3,2022-07-31 00:00:00+03,43678373
42,1,2,1,2023-03-11 00:00:00+03,28411315
43,3,3,3,2022-02-06 00:00:00+03,47890732
44,3,1,1,2020-10-11 00:00:00+03,43135917
45,1,3,3,2021-06-30 00:00:00+03,24697358
46,4,1,3,2022-01-21 00:00:00+03,7164548
47,3,2,2,2020-02-01 00:00:00+03,17770931
48,4,3,2,2020-07-09 00:00:00+03,28703145
49,5,1,1,2021-07-08 00:00:00+03,21617955
50,3,3,1,2019-07-01 00:00:00+03,35653505
51,1,3,3,2022-11-21 00:00:00+03,12347120
52,2,1,3,2021-12-21 00:00:00+03,39863856
53,2,2,1,2021-03-31 00:00:00+03,34627440
54,1,3,2,2024-05-06 00:00:00+03,38390948
55,1,3,3,2023-09-21 00:00:00+03,13499171
56,5,2,2,2021-02-14 00:00:00+03,26283275
57,1,1,2,2021-06-22 00:00:00+03,39603406
58,4,3,1,2022-10-02 00:00:00+03,39702008
59,5,3,3,2021-07-16 00:00:00+03,19770697
60,1,2,2,2019-11-12 00:00:00+03,14833579
61,5,2,1,2024-02-24 00:00:00+03,23467674
62,3,1,2,2020-11-07 00:00:00+03,38186295
63,1,2,1,2019-04-15 00:00:00+03,25176294
64,2,1,1,2021-10-22 00:00:00+03,30376400
65,3,2,3,2019-07-05 00:00:00+03,17493177
66,1,3,2,2024-11-30 00:00:00+03,45606161
67,5,2,3,2019-01-28 00:00:00+03,16099155
68,3,1,2,2019-12-16 00:00:00+03,24885122
69,5,2,1,2024-03-09 00:00:00+03,46050693
70,1,1,2,2021-09-21 00:00:00+03,41588184
71,4,1,1,2019-03-10 00:00:00+03,37475505
72,1,3,1,2024-08-05 00:00:00+03,7914516
73,1,3,3,2023-07-16 00:00:00+03,27904449
74,5,3,3,2020-06-18 00:00:00+03,44012789
75,5,2,1,2023-06-30 00:00:00+03,15695525
76,2,3,1,2019-01-10 00:00:00+03,30087414
77,4,2,1,2024-09-22 00:00:00+03,13807143
78,1,3,3,2023-07-13 00:00:00+03,9091932
79,4,1,2,2020-08-13 00:00:00+03,41098477
80,3,3,1,2019-08-27 00:00:00+03,40930303
81,2,2,1,2019-03-15 00:00:00+03,41334713
82,1,2,2,2022-09-15 00:00:00+03,5362454
83,4,2,3,2024-10-30 00:00:00+03,23853294
84,2,1,1,2020-12-14 00:00:00+03,8580588
85,5,1,3,2022-02-26 00:00:00+03,27393890
86,3,3,3,2020-07-24 00:00:00+03,13473579
87,5,1,2,2019-12-30 00:00:00+03,48005444
88,4,2,1,2019-01-15 00:00:00+03,19891625
89,1,1,1,2022-08-03 00:00:00+03,36416041
90,3,1,3,2019-09-10 00:00:00+03,16182472
91,5,2,1,2022-09-09 00:00:00+03,34857654
92,3,2,3,2020-03-11 00:00:00+03,11905510
93,4,3,1,2023-08-28 00:00:00+03,34986735
94,5,3,1,2019-01-01 00:00:00+03,24421965
95,1,1,2,2021-01-31 00:00:00+03,37716965
96,2,2,1,2024-06-23 00:00:00+03,48238995
97,5,1,2,2019-12-11 00:00:00+03,37891646
98,1,3,3,2023-06-02 00:00:00+03,36153571
99,1,1,3,2022-12-26 00:00:00+03,45714377
100,2,1,3,2023-10-29 00:00:00+03,23717566
101,5,1,3,2021-05-16 00:00:00+03,25188355
102,1,3,3,2023-03-03 00:00:00+03,10613124
103,5,3,3,2020-10-23 00:00:00+03,23169044
104,5,2,2,2019-01-04 00:00:00+03,48542872
105,3,2,2,2022-06-24 00:00:00+03,5086333
106,5,2,2,2024-07-18 00:00:00+03,27364360
107,4,3,2,2023-02-23 00:00:00+03,30548009
108,4,1,3,2021-04-10 00:00:00+03,14291911
109,2,1,1,2022-07-16 00:00:00+03,8532216
110,2,1,2,2022-02-21 00:00:00+03,23170001
111,4,1,2,2021-01-20 00:00:00+03,27485371
112,4,2,2,2019-10-28 00:00:00+03,12528618
113,1,3,1,2021-03-01 00:00:00+03,14838015
114,3,3,2,2022-10-13 00:00:00+03,13651253
115,1,1,2,2024-03-30 00:00:00+03,42427088
116,5,3,3,2020-03-20 00:00:00+03,32147387
117,2,3,3,2020-04-19 00:00:00+03,34016230
118,5,1,3,2022-06-09 00:00:00+03,16769987
119,1,1,2,2022-05-28 00:00:00+03,16918925
120,5,2,3,2019-11-20 00:00:00+03,10298330
121,2,2,3,2021-02-23 00:00:00+03,40528677
122,4,2,1,2019-06-28 00:00:00+03,14687649
123,2,1,3,2020-07-31 00:00:00+03,27579369
124,4,1,2,2019-07-12 00:00:00+03,47335078
125,3,2,1,2022-02-15 00:00:00+03,6821164
126,3,2,1,2020-05-22 00:00:00+03,23021188
127,2,3,1,2024-10-31 00:00:00+03,44097657
128,5,3,2,2021-02-23 00:00:00+03,8645469
129,3,2,1,2022-01-15 00:00:00+03,20079653
130,4,2,1,2022-02-26 00:00:00+03,8160850
131,3,2,2,2024-02-11 00:00:00+03,21086757
132,3,1,3,2019-07-03 00:00:00+03,12486881
133,1,1,1,2022-06-05 00:00:00+03,7628998
134,4,1,1,2024-11-25 00:00:00+03,8413571
135,1,2,2,2024-07-17 00:00:00+03,39945404
136,4,2,2,2020-12-24 00:00:00+03,35319410
137,3,3,3,2021-03-10 00:00:00+03,36105607
138,3,1,3,2024-05-06 00:00:00+03,19402096
139,4,1,1,2024-05-12 00:00:00+03,24524792
140,3,3,3,2021-05-15 00:00:00+03,15721087
141,1,1,2,2020-02-12 00:00:00+03,17941900
142,4,3,1,2023-09-02 00:00:00+03,9260935
143,3,2,1,2024-09-02 00:00:00+03,46700343
144,5,2,1,2023-10-03 00:00:00+03,43105873
145,4,3,2,2023-10-16 00:00:00+03,15881367
146,1,1,3,2022-11-14 00:00:00+03,24376974
147,3,1,1,2019-06-27 00:00:00+03,47305267
148,3,2,3,2019-12-16 00:00:00+03,23776932
149,1,1,3,2022-05-14 00:00:00+03,20723378
150,2,3,3,2024-01-13 00:00:00+03,38736163
151,5,2,3,2020-08-03 00:00:00+03,15003967
152,3,1,1,2023-03-27 00:00:00+03,45062885
153,2,3,2,2024-04-28 00:00:00+03,24604455
154,1,2,2,2021-11-19 00:00:00+03,42038180
155,4,3,2,2023-10-21 00:00:00+03,9547962
156,2,2,1,2020-07-01 00:00:00+03,32283585
157,3,2,2,2021-04-04 00:00:00+03,16820466
158,4,3,2,2023-09-14 00:00:00+03,34608748
159,2,2,1,2021-06-27 00:00:00+03,47025464
160,4,1,1,2020-08-29 00:00:00+03,27236934
161,1,3,1,2022-03-08 00:00:00+03,18984046
162,2,2,1,2022-03-09 00:00:00+03,28768614
163,1,2,2,2022-12-27 00:00:00+03,39438987
164,3,2,1,2020-01-18 00:00:00+03,22952412
165,1,2,3,2022-02-21 00:00:00+03,40434311
166,2,1,2,2022-06-15 00:00:00+03,21335502
167,4,2,1,2022-12-21 00:00:00+03,44527950
168,3,3,1,2022-09-20 00:00:00+03,13014161
169,2,3,1,2021-10-23 00:00:00+03,15137518
170,2,3,2,2024-01-03 00:00:00+03,26362183
171,1,1,1,2023-05-22 00:00:00+03,31574426
172,3,2,2,2022-04-17 00:00:00+03,14955344
173,2,2,1,2021-05-04 00:00:00+03,24579389
174,3,3,1,2020-07-02 00:00:00+03,13818190
175,2,1,2,2023-08-12 00:00:00+03,27388874
176,2,3,2,2022-12-25 00:00:00+03,37488343
177,3,3,2,2020-04-15 00:00:00+03,33124658
178,4,2,2,2020-12-10 00:00:00+03,37896247
179,4,1,1,2022-08-06 00:00:00+03,29169123
180,4,1,3,2019-03-02 00:00:00+03,14083022
181,2,1,1,2022-03-08 00:00:00+03,48051553
182,2,1,3,2023-03-31 00:00:00+03,15791528
183,4,3,1,2023-11-30 00:00:00+03,33255895
184,4,3,2,2019-03-16 00:00:00+03,40346834
185,3,1,1,2021-10-15 00:00:00+03,16438178
186,2,2,1,2019-11-23 00:00:00+03,29920682
187,5,3,1,2022-02-22 00:00:00+03,32495335
188,3,2,3,2024-01-30 00:00:00+03,44781100
189,1,3,3,2024-06-08 00:00:00+03,25414522
190,4,2,1,2019-01-17 00:00:00+03,25649871
191,3,1,1,2024-02-23 00:00:00+03,17968833
192,4,2,2,2021-06-06 00:00:00+03,33886575
193,5,3,1,2019-10-27 00:00:00+03,39247752
194,2,3,3,2023-05-09 00:00:00+03,26448895
195,4,2,3,2019-12-12 00:00:00+03,35707033
196,5,1,1,2019-08-22 00:00:00+03,9474407
197,5,2,3,2023-12-08 00:00:00+03,32070928
198,1,1,2,2022-02-22 00:00:00+03,48413966
199,1,2,1,2022-03-28 00:00:00+03,34202893
200,5,1,1,2019-08-07 00:00:00+03,46229328
201,5,1,3,2019-05-23 00:00:00+03,29682055
202,4,2,3,2023-03-16 00:00:00+03,14126991
203,3,2,2,2023-08-11 00:00:00+03,8599929
204,5,2,2,2019-09-20 00:00:00+03,36702141
205,4,3,1,2023-07-29 00:00:00+03,36427049
206,4,1,1,2019-04-19 00:00:00+03,5640773
207,1,3,3,2020-07-19 00:00:00+03,12123425
208,5,2,1,2019-09-16 00:00:00+03,49109053
209,5,2,3,2024-11-16 00:00:00+03,24592158
210,3,1,3,2023-01-24 00:00:00+03,35431623
211,1,2,2,2019-03-11 00:00:00+03,37767800
212,4,2,1,2022-11-20 00:00:00+03,16000545
213,4,2,2,2022-11-15 00:00:00+03,13275687
214,5,1,2,2021-02-12 00:00:00+03,45398425
215,1,2,2,2020-03-23 00:00:00+03,48161543
216,2,2,1,2021-10-13 00:00:00+03,6371658
217,5,2,2,2022-08-02 00:00:00+03,24669404
218,2,2,1,2019-02-05 00:00:00+03,31188663
219,3,2,3,2023-09-16 00:00:00+03,40037972
220,5,2,1,2020-10-04 00:00:00+03,8533067
221,5,3,1,2021-06-19 00:00:00+03,26952538
222,3,3,1,2019-11-24 00:00:00+03,7398108
223,3,3,1,2021-09-18 00:00:00+03,25642338
224,3,1,2,2022-12-22 00:00:00+03,48841611
225,2,2,3,2020-02-09 00:00:00+03,39404759
226,2,1,1,2023-08-12 00:00:00+03,15638248
227,4,1,3,2023-10-27 00:00:00+03,16425462
228,1,1,3,2019-05-14 00:00:00+03,23509216
229,2,3,3,2020-10-14 00:00:00+03,31564822
230,2,1,3,2021-02-03 00:00:00+03,41455963
231,2,2,3,2023-03-12 00:00:00+03,7421745
232,2,1,1,2020-08-02 00:00:00+03,42698891
233,5,3,1,2019-03-15 00:00:00+03,18831172
234,5,3,1,2022-03-30 00:00:00+03,7513749
235,4,1,2,2024-02-02 00:00:00+03,27955508
236,2,1,1,2021-06-18 00:00:00+03,37949633
237,2,1,2,2023-09-06 00:00:00+03,20356998
238,4,2,1,2020-06-18 00:00:00+03,33172262
239,3,3,2,2020-07-09 00:00:00+03,28914123
240,1,3,3,2023-04-07 00:00:00+03,6033204
241,5,2,1,2024-10-29 00:00:00+03,39733591
242,5,2,1,2023-12-22 00:00:00+03,5308784
243,3,2,3,2021-07-18 00:00:00+03,43414892
244,4,1,3,2020-08-14 00:00:00+03,8569119
245,1,2,1,2024-03-31 00:00:00+03,47677972
246,1,1,2,2020-09-20 00:00:00+03,5622911
247,4,3,1,2021-07-07 00:00:00+03,13711527
248,2,3,3,2023-04-19 00:00:00+03,40057341
249,2,1,1,2023-12-23 00:00:00+03,12170190
250,4,2,3,2021-12-11 00:00:00+03,45326730
251,3,2,2,2019-06-13 00:00:00+03,37310269
252,1,3,2,2021-01-15 00:00:00+03,43872956
253,1,2,2,2021-05-11 00:00:00+03,33262347
254,4,2,3,2020-04-13 00:00:00+03,7155312
255,1,1,1,2020-05-14 00:00:00+03,39431514
256,5,3,1,2019-06-09 00:00:00+03,19698549
257,5,1,2,2023-08-26 00:00:00+03,32596480
258,2,1,1,2019-10-17 00:00:00+03,6712855
259,4,3,1,2020-12-26 00:00:00+03,18871003
260,1,1,2,2019-08-01 00:00:00+03,44786541
261,2,3,1,2024-10-10 00:00:00+03,7874220
262,2,1,1,2019-12-13 00:00:00+03,22005756
263,5,2,1,2019-06-13 00:00:00+03,9728612
264,3,1,2,2020-09-05 00:00:00+03,49566151
265,4,3,3,2019-03-14 00:00:00+03,47119097
266,5,1,3,2021-06-15 00:00:00+03,26824489
267,2,3,2,2024-12-04 00:00:00+03,46834781
268,1,1,3,2024-05-03 00:00:00+03,39354853
269,4,3,2,2023-10-24 00:00:00+03,21984040
270,3,3,3,2024-03-11 00:00:00+03,15229510
271,5,2,2,2019-11-18 00:00:00+03,16947957
272,5,3,3,2023-09-20 00:00:00+03,49330803
273,1,3,3,2021-10-22 00:00:00+03,33306246
274,1,1,1,2019-05-18 00:00:00+03,41024047
275,4,3,2,2021-07-01 00:00:00+03,27284281
276,2,3,1,2024-10-30 00:00:00+03,26073714
277,4,1,1,2019-01-05 00:00:00+03,28587864
278,5,2,2,2019-12-27 00:00:00+03,8145411
279,5,3,3,2023-11-11 00:00:00+03,16849727
280,5,2,3,2019-10-21 00:00:00+03,33752967
281,2,1,1,2022-03-26 00:00:00+03,12791965
282,4,1,1,2019-03-18 00:00:00+03,25589618
283,4,1,2,2021-02-28 00:00:00+03,38026629
284,1,1,2,2020-09-07 00:00:00+03,39138989
285,1,3,2,2022-07-22 00:00:00+03,42180823
286,1,3,3,2022-10-02 00:00:00+03,16871685
287,5,3,3,2019-12-26 00:00:00+03,12719523
288,5,2,3,2021-10-19 00:00:00+03,6575938
289,1,3,1,2023-06-18 00:00:00+03,6112599
290,3,1,2,2019-05-29 00:00:00+03,22001554
291,3,2,3,2020-06-28 00:00:00+03,18306275
292,2,3,1,2022-02-26 00:00:00+03,48666713
293,5,1,3,2021-12-26 00:00:00+03,48744059
294,4,3,1,2022-12-11 00:00:00+03,8877857
295,5,3,2,2024-07-17 00:00:00+03,23776026
296,4,3,2,2022-10-14 00:00:00+03,48679047
297,2,2,1,2021-03-02 00:00:00+03,17758028
298,2,2,1,2023-03-27 00:00:00+03,13920067
299,2,3,3,2024-04-18 00:00:00+03,33786382
300,3,2,2,2021-04-12 00:00:00+03,27623404
301,3,3,1,2022-09-06 00:00:00+03,18255134
302,4,2,2,2019-06-03 00:00:00+03,20445648
303,1,2,3,2022-10-04 00:00:00+03,13579014
304,1,1,2,2019-06-12 00:00:00+03,20068033
305,4,3,2,2021-04-18 00:00:00+03,34137902
306,3,1,1,2021-05-21 00:00:00+03,14256543
307,1,2,3,2020-08-25 00:00:00+03,34792246
308,4,1,1,2021-01-27 00:00:00+03,8374421
309,5,3,3,2023-10-09 00:00:00+03,44629216
310,4,1,3,2020-11-05 00:00:00+03,16480645
311,3,3,3,2023-02-05 00:00:00+03,43176014
312,3,3,2,2019-09-11 00:00:00+03,26951815
313,5,1,3,2022-09-14 00:00:00+03,6306640
314,5,1,1,2021-09-06 00:00:00+03,9324030
315,3,1,1,2019-05-31 00:00:00+03,18775754
316,3,3,2,2023-03-23 00:00:00+03,29933340
317,3,1,1,2019-09-02 00:00:00+03,10039219
318,4,2,3,2020-04-27 00:00:00+03,36225681
319,2,1,3,2023-02-28 00:00:00+03,37359889
320,5,1,3,2023-07-21 00:00:00+03,27248287
321,1,3,3,2019-05-29 00:00:00+03,9090509
322,3,3,1,2023-07-09 00:00:00+03,14223194
323,5,3,2,2023-03-11 00:00:00+03,31955835
324,1,3,1,2022-09-22 00:00:00+03,42394365
325,4,2,3,2022-04-04 00:00:00+03,20305791
326,5,2,3,2021-02-28 00:00:00+03,32241869
327,4,1,2,2024-06-23 00:00:00+03,25672029
328,2,2,1,2023-08-29 00:00:00+03,23622673
329,1,2,3,2023-07-15 00:00:00+03,39308939
330,5,1,2,2020-06-04 00:00:00+03,13018756
331,5,1,3,2023-05-28 00:00:00+03,17717911
332,5,2,1,2022-06-15 00:00:00+03,8258897
333,4,1,1,2024-07-29 00:00:00+03,25006074
334,5,3,1,2019-09-01 00:00:00+03,41128762
335,1,2,1,2022-09-05 00:00:00+03,8122020
336,4,3,1,2020-04-19 00:00:00+03,6649766
337,5,1,3,2024-11-11 00:00:00+03,34551613
338,1,3,3,2019-04-20 00:00:00+03,10580164
339,3,2,3,2022-01-09 00:00:00+03,36244398
340,4,3,2,2019-09-24 00:00:00+03,37193780
341,1,1,1,2023-10-08 00:00:00+03,47993183
342,4,2,2,2024-09-27 00:00:00+03,49583850
343,5,3,2,2022-05-21 00:00:00+03,46203116
344,5,1,2,2022-09-13 00:00:00+03,34704057
345,5,2,3,2020-02-19 00:00:00+03,11393260
346,1,1,3,2019-04-11 00:00:00+03,38233967
347,3,2,1,2024-11-25 00:00:00+03,38566358
348,1,1,2,2019-06-04 00:00:00+03,10587243
349,2,1,3,2024-02-11 00:00:00+03,33551555
350,2,2,3,2022-07-21 00:00:00+03,19541044
351,2,2,3,2023-04-18 00:00:00+03,7417149
352,3,3,2,2022-05-13 00:00:00+03,31217591
353,4,2,1,2021-08-07 00:00:00+03,5572483
354,1,3,3,2020-08-25 00:00:00+03,48672209
355,1,1,1,2020-07-05 00:00:00+03,20768303
356,1,3,3,2022-07-14 00:00:00+03,26382425
357,5,2,2,2024-09-26 00:00:00+03,13558037
358,5,1,1,2019-01-22 00:00:00+03,29983035
359,2,2,2,2019-05-29 00:00:00+03,22768403
360,5,1,3,2020-09-03 00:00:00+03,5675712
361,3,3,2,2024-11-16 00:00:00+03,44645601
362,4,3,3,2020-02-19 00:00:00+03,8217125
363,4,3,3,2019-04-01 00:00:00+03,48532297
364,5,1,1,2019-07-07 00:00:00+03,41334063
365,4,1,3,2024-09-10 00:00:00+03,20252817
366,5,3,3,2023-03-13 00:00:00+03,10600205
367,4,1,1,2019-08-26 00:00:00+03,21625389
368,5,3,3,2020-07-29 00:00:00+03,6797492
369,1,3,2,2024-06-09 00:00:00+03,35609416
370,3,2,3,2022-05-12 00:00:00+03,25333167
371,1,1,3,2019-09-10 00:00:00+03,22738850
372,5,1,2,2023-10-17 00:00:00+03,47949821
373,2,2,3,2024-03-03 00:00:00+03,15569562
374,1,3,2,2019-06-10 00:00:00+03,13609378
375,5,3,3,2021-02-28 00:00:00+03,27949516
376,3,2,2,2020-03-14 00:00:00+03,40451909
377,4,3,3,2021-08-30 00:00:00+03,46392033
378,1,1,3,2019-05-03 00:00:00+03,27205707
379,5,1,3,2024-07-08 00:00:00+03,49303968
380,3,3,3,2022-06-18 00:00:00+03,34072173
381,3,2,1,2019-04-16 00:00:00+03,15576996
382,3,3,2,2021-05-28 00:00:00+03,29117927
383,4,3,2,2023-10-26 00:00:00+03,41098241
384,2,1,3,2023-05-25 00:00:00+03,34201672
385,2,3,1,2024-09-15 00:00:00+03,41601834
386,1,3,2,2023-12-20 00:00:00+03,34320622
387,3,1,1,2021-07-20 00:00:00+03,7762375
388,3,3,2,2021-02-17 00:00:00+03,31327240
389,1,3,3,2022-07-25 00:00:00+03,18368590
390,5,1,1,2022-07-03 00:00:00+03,22041932
391,5,1,3,2023-08-26 00:00:00+03,19137283
392,1,3,1,2021-03-15 00:00:00+03,47357555
393,5,1,1,2020-02-12 00:00:00+03,49022819
394,2,3,3,2021-11-12 00:00:00+03,46750798
395,3,2,1,2022-05-27 00:00:00+03,36415101
396,3,2,2,2022-02-07 00:00:00+03,19684389
397,3,2,2,2024-02-02 00:00:00+03,45885528
398,1,3,2,2022-12-15 00:00:00+03,12758830
399,2,3,1,2019-05-06 00:00:00+03,11560551
400,2,3,2,2020-01-21 00:00:00+03,27193667
401,2,3,2,2022-08-08 00:00:00+03,42980376
402,3,2,3,2022-10-19 00:00:00+03,19058517
403,5,1,2,2019-03-13 00:00:00+03,43980346
404,2,2,3,2023-12-19 00:00:00+03,29190689
405,2,1,3,2020-08-01 00:00:00+03,34766553
406,4,2,1,2022-12-16 00:00:00+03,6177768
407,2,2,2,2022-10-15 00:00:00+03,20740460
408,2,1,2,2019-05-26 00:00:00+03,33820122
409,5,1,3,2021-06-03 00:00:00+03,42324661
410,5,1,1,2023-01-23 00:00:00+03,37857856
411,4,3,2,2019-07-24 00:00:00+03,28927403
412,3,2,2,2023-03-17 00:00:00+03,32491658
413,1,3,1,2024-03-02 00:00:00+03,43287858
414,2,3,1,2023-11-05 00:00:00+03,29863037
415,3,2,1,2024-06-08 00:00:00+03,21639590
416,3,2,1,2019-01-15 00:00:00+03,49739252
417,3,2,1,2022-09-08 00:00:00+03,6898719
418,5,1,1,2020-07-06 00:00:00+03,27470203
419,3,1,2,2023-10-14 00:00:00+03,26809455
420,3,3,1,2019-08-01 00:00:00+03,36329935
421,4,1,2,2020-09-21 00:00:00+03,44573708
422,3,3,1,2023-12-13 00:00:00+03,12333974
423,1,1,3,2022-11-16 00:00:00+03,34286390
424,4,3,3,2019-12-08 00:00:00+03,16963679
425,4,2,3,2022-06-11 00:00:00+03,26702852
426,2,1,3,2020-08-06 00:00:00+03,49784430
427,4,3,3,2021-06-26 00:00:00+03,36752509
428,5,2,3,2024-08-03 00:00:00+03,44704484
429,1,2,2,2022-01-11 00:00:00+03,12193266
430,2,2,2,2020-01-10 00:00:00+03,37089350
431,5,2,3,2019-01-18 00:00:00+03,19465660
432,4,3,1,2023-08-25 00:00:00+03,31815472
433,3,3,2,2021-05-29 00:00:00+03,19723606
434,5,1,1,2020-07-29 00:00:00+03,29179361
435,4,1,1,2020-08-03 00:00:00+03,36754976
436,4,3,2,2024-04-13 00:00:00+03,7468051
437,2,3,3,2019-03-23 00:00:00+03,48465924
438,2,2,3,2023-01-14 00:00:00+03,18355063
439,5,1,2,2023-12-10 00:00:00+03,40251498
440,1,2,3,2021-06-11 00:00:00+03,18482177
441,3,3,3,2020-03-01 00:00:00+03,7798349
442,1,3,3,2020-08-07 00:00:00+03,23516977
443,5,3,2,2020-03-03 00:00:00+03,36991366
444,2,3,3,2023-03-02 00:00:00+03,17378000
445,5,1,2,2021-09-10 00:00:00+03,6175125
446,1,1,2,2020-11-14 00:00:00+03,13446330
447,1,2,2,2020-09-21 00:00:00+03,32546104
448,1,1,1,2020-04-20 00:00:00+03,38470873
449,5,3,1,2019-03-23 00:00:00+03,42370378
450,1,1,2,2022-11-08 00:00:00+03,15296646
451,3,2,2,2020-11-20 00:00:00+03,5662390
452,3,1,3,2020-07-17 00:00:00+03,27404633
453,5,1,1,2024-03-07 00:00:00+03,27869838
454,2,1,1,2021-07-12 00:00:00+03,26377348
455,4,3,1,2020-05-24 00:00:00+03,29168877
456,3,3,1,2019-06-22 00:00:00+03,8002720
457,4,2,1,2023-09-13 00:00:00+03,19050144
458,1,3,3,2024-01-24 00:00:00+03,9537345
459,2,1,3,2023-12-15 00:00:00+03,48210121
460,4,1,2,2024-08-24 00:00:00+03,16153294
461,2,1,3,2020-11-25 00:00:00+03,21628299
462,1,2,2,2022-12-21 00:00:00+03,43270342
463,2,1,3,2023-02-06 00:00:00+03,30618568
464,4,3,2,2020-03-16 00:00:00+03,12585320
465,2,2,1,2021-05-27 00:00:00+03,38598337
466,4,1,1,2021-03-06 00:00:00+03,42407734
467,5,3,2,2020-11-28 00:00:00+03,27686702
468,1,2,1,2024-11-26 00:00:00+03,13181959
469,4,1,3,2021-11-18 00:00:00+03,40303098
470,1,3,3,2019-04-17 00:00:00+03,33935470
471,2,1,1,2019-11-22 00:00:00+03,21700778
472,3,3,2,2019-04-21 00:00:00+03,32548790
473,5,2,2,2020-07-23 00:00:00+03,49725633
474,2,1,3,2019-04-01 00:00:00+03,17048490
475,1,3,3,2024-03-12 00:00:00+03,42684140
476,2,1,2,2022-03-22 00:00:00+03,33538027
477,4,2,2,2020-04-15 00:00:00+03,15125397
478,4,1,3,2024-01-31 00:00:00+03,5034827
479,4,3,2,2022-04-27 00:00:00+03,29194497
480,2,1,2,2022-09-29 00:00:00+03,31198707
481,5,3,1,2023-04-22 00:00:00+03,11287070
482,1,1,2,2020-01-10 00:00:00+03,41883713
483,3,2,1,2021-06-19 00:00:00+03,10761131
484,1,3,1,2020-06-08 00:00:00+03,42186497
485,1,1,2,2020-12-24 00:00:00+03,22739574
486,1,2,1,2019-10-11 00:00:00+03,35136609
487,5,1,2,2024-10-07 00:00:00+03,38685189
488,5,2,1,2024-11-21 00:00:00+03,15658079
489,5,3,1,2022-07-05 00:00:00+03,28029068
490,5,3,3,2019-12-22 00:00:00+03,8307765
491,4,3,2,2019-10-11 00:00:00+03,41710209
492,3,3,3,2021-02-05 00:00:00+03,27291660
493,1,1,3,2022-02-03 00:00:00+03,12785686
494,4,2,3,2024-09-01 00:00:00+03,26192639
495,4,1,1,2020-08-15 00:00:00+03,32393281
496,3,2,3,2022-07-18 00:00:00+03,17838988
497,4,3,2,2024-12-03 00:00:00+03,19784664
498,4,1,1,2021-05-21 00:00:00+03,31061608
499,2,1,3,2021-08-17 00:00:00+03,37200290
500,1,3,3,2020-06-03 00:00:00+03,32645812
501,4,1,3,2022-11-20 00:00:00+03,44558171
502,2,3,2,2021-02-15 00:00:00+03,16663501
503,3,3,2,2020-01-26 00:00:00+03,18756383
504,1,3,3,2020-03-25 00:00:00+03,21702065
505,2,3,1,2023-06-01 00:00:00+03,5063394
506,5,2,3,2020-08-08 00:00:00+03,30812765
507,1,2,2,2024-07-24 00:00:00+03,29898196
508,4,2,1,2022-10-09 00:00:00+03,15146442
509,3,2,1,2022-11-09 00:00:00+03,12821909
510,4,3,1,2019-12-20 00:00:00+03,47369298
511,4,1,2,2019-01-27 00:00:00+03,26847190
512,1,1,3,2021-01-30 00:00:00+03,40263497
513,1,2,1,2020-01-05 00:00:00+03,38032690
514,2,1,1,2019-06-19 00:00:00+03,8790358
515,5,3,3,2022-02-22 00:00:00+03,39516542
516,4,1,3,2022-05-26 00:00:00+03,40462039
517,3,1,2,2020-03-06 00:00:00+03,34111576
518,1,1,1,2020-09-09 00:00:00+03,25737745
519,1,3,2,2022-06-09 00:00:00+03,8915521
520,4,2,1,2024-08-18 00:00:00+03,49023531
521,4,3,3,2024-03-16 00:00:00+03,29315016
522,4,3,3,2020-08-17 00:00:00+03,37516509
523,5,2,2,2024-10-02 00:00:00+03,15450354
524,2,3,3,2020-07-13 00:00:00+03,37142652
525,5,2,1,2023-02-21 00:00:00+03,34537813
526,3,3,1,2019-03-31 00:00:00+03,41250410
527,1,1,1,2021-04-25 00:00:00+03,21253843
528,3,1,2,2024-08-24 00:00:00+03,42096014
529,5,2,1,2023-08-24 00:00:00+03,39686720
530,4,2,1,2019-10-19 00:00:00+03,34747807
531,2,1,2,2022-12-27 00:00:00+03,12794849
532,3,2,2,2023-06-06 00:00:00+03,29943444
533,1,2,1,2023-06-23 00:00:00+03,36080829
534,4,1,3,2021-01-18 00:00:00+03,38371515
535,5,3,1,2022-08-05 00:00:00+03,14688980
536,1,2,3,2023-01-06 00:00:00+03,24818625
537,4,2,3,2023-05-16 00:00:00+03,46211869
538,5,1,2,2024-10-08 00:00:00+03,16185688
539,3,3,1,2022-10-21 00:00:00+03,32718305
540,2,1,3,2024-05-30 00:00:00+03,26335555
541,3,3,2,2020-11-04 00:00:00+03,37645563
542,3,3,3,2023-09-02 00:00:00+03,38588948
543,2,3,1,2021-12-16 00:00:00+03,7920287
544,3,1,1,2022-09-26 00:00:00+03,23248061
545,4,1,2,2020-11-03 00:00:00+03,10033961
546,5,2,3,2022-09-28 00:00:00+03,39077741
547,5,1,1,2024-04-22 00:00:00+03,28171858
548,5,3,2,2022-05-03 00:00:00+03,47121998
549,2,1,2,2023-12-22 00:00:00+03,46165013
550,3,2,1,2019-08-11 00:00:00+03,33213183
551,3,3,3,2019-06-29 00:00:00+03,40416196
552,4,2,3,2024-06-24 00:00:00+03,32383396
553,3,1,1,2019-09-15 00:00:00+03,8698250
554,3,1,2,2020-08-14 00:00:00+03,47759969
555,5,2,2,2021-07-04 00:00:00+03,34605165
556,2,1,1,2020-01-12 00:00:00+03,34901368
557,5,2,1,2020-09-09 00:00:00+03,47003137
558,2,3,3,2019-09-14 00:00:00+03,20167080
559,1,2,2,2020-11-21 00:00:00+03,46159001
560,2,3,1,2021-05-04 00:00:00+03,30584552
561,4,3,3,2024-10-19 00:00:00+03,16501240
562,5,2,2,2020-12-26 00:00:00+03,37247285
563,4,1,3,2024-10-09 00:00:00+03,49758027
564,5,1,1,2022-08-13 00:00:00+03,18728145
565,5,1,1,2022-06-07 00:00:00+03,21743654
566,1,3,2,2019-06-10 00:00:00+03,18328701
567,4,3,1,2021-08-14 00:00:00+03,37697353
568,2,1,1,2023-02-06 00:00:00+03,29616685
569,2,2,1,2021-03-02 00:00:00+03,49628172
570,3,2,1,2022-01-03 00:00:00+03,24967812
571,4,2,1,2023-01-02 00:00:00+03,13399759
572,3,2,1,2021-10-08 00:00:00+03,21823731
573,2,1,3,2020-05-28 00:00:00+03,22318899
574,4,3,2,2019-06-15 00:00:00+03,11451822
575,2,2,2,2023-08-20 00:00:00+03,36862936
576,1,2,3,2021-02-13 00:00:00+03,36762577
577,4,3,2,2024-12-04 00:00:00+03,28912900
578,1,3,1,2019-09-02 00:00:00+03,43576321
579,5,3,2,2024-01-03 00:00:00+03,31141596
580,2,2,3,2023-04-13 00:00:00+03,35702354
581,2,1,2,2024-06-01 00:00:00+03,27679025
582,1,1,3,2023-05-08 00:00:00+03,22943288
583,1,2,1,2020-06-01 00:00:00+03,32833832
584,4,3,1,2019-06-09 00:00:00+03,5185612
585,2,2,2,2023-04-26 00:00:00+03,35249005
586,3,3,3,2021-08-15 00:00:00+03,21392516
587,3,2,1,2023-02-07 00:00:00+03,44804974
588,1,3,2,2024-09-29 00:00:00+03,29682619
589,4,3,1,2020-11-09 00:00:00+03,48847617
590,3,1,3,2019-03-13 00:00:00+03,25252181
591,2,1,3,2024-10-15 00:00:00+03,34850735
592,4,2,1,2022-09-29 00:00:00+03,41719261
593,4,3,3,2020-12-07 00:00:00+03,39058361
594,1,1,3,2021-05-26 00:00:00+03,18850179
595,5,3,2,2022-01-14 00:00:00+03,34933645
596,5,3,1,2024-01-30 00:00:00+03,41107752
597,1,3,3,2019-03-01 00:00:00+03,34373292
598,2,2,2,2023-03-20 00:00:00+03,35746130
599,1,3,3,2024-09-01 00:00:00+03,32299699
600,2,3,1,2019-09-28 00:00:00+03,29128788
601,4,3,2,2020-03-16 00:00:00+03,6175974
602,3,1,3,2024-11-28 00:00:00+03,31213347
603,5,1,1,2023-03-26 00:00:00+03,33344877
604,2,3,3,2019-05-18 00:00:00+03,19687331
605,5,3,2,2022-09-05 00:00:00+03,43048167
606,4,3,3,2019-07-30 00:00:00+03,22074792
607,4,3,3,2021-09-09 00:00:00+03,33110005
608,5,1,3,2024-01-11 00:00:00+03,7159764
609,5,3,2,2019-12-27 00:00:00+03,12342639
610,1,2,2,2019-12-15 00:00:00+03,42509563
611,3,3,1,2019-04-02 00:00:00+03,44687186
612,5,1,1,2019-06-28 00:00:00+03,49556715
613,3,3,2,2019-12-06 00:00:00+03,19247906
614,1,1,3,2022-06-02 00:00:00+03,29523183
615,3,2,1,2020-06-09 00:00:00+03,48126674
616,2,3,2,2021-04-26 00:00:00+03,42803176
617,4,1,3,2023-10-14 00:00:00+03,45206593
618,3,2,2,2022-01-22 00:00:00+03,39128926
619,5,1,2,2023-07-05 00:00:00+03,35738005
620,1,1,3,2022-12-24 00:00:00+03,45387933
621,3,2,1,2022-06-11 00:00:00+03,17824470
622,5,3,1,2021-12-14 00:00:00+03,5563380
623,1,3,1,2023-09-12 00:00:00+03,36665734
624,5,3,1,2021-06-30 00:00:00+03,29730298
625,5,3,3,2022-10-13 00:00:00+03,41744189
626,2,3,3,2020-12-31 00:00:00+03,18736208
627,1,1,1,2021-12-27 00:00:00+03,16086412
628,2,3,3,2019-01-04 00:00:00+03,6356173
629,4,3,2,2023-02-02 00:00:00+03,35168315
630,4,2,1,2023-05-01 00:00:00+03,17605625
631,2,2,2,2022-08-16 00:00:00+03,13253567
632,5,2,3,2020-12-11 00:00:00+03,43007004
633,2,3,1,2023-02-22 00:00:00+03,40035248
634,3,2,2,2020-08-17 00:00:00+03,22585371
635,5,1,3,2022-04-28 00:00:00+03,35763449
636,1,3,2,2023-04-13 00:00:00+03,26056067
637,1,3,3,2022-03-18 00:00:00+03,24563696
638,3,2,1,2023-02-13 00:00:00+03,15031445
639,3,3,3,2024-11-02 00:00:00+03,31916558
640,1,1,1,2024-09-20 00:00:00+03,15465323
641,1,2,3,2022-03-29 00:00:00+03,38799148
642,5,1,2,2022-08-21 00:00:00+03,11063533
643,4,2,1,2024-05-26 00:00:00+03,19717521
644,5,3,2,2022-08-05 00:00:00+03,9103414
645,5,2,1,2022-06-10 00:00:00+03,19276636
646,2,2,1,2021-05-22 00:00:00+03,45721546
647,1,3,3,2022-05-15 00:00:00+03,26199880
648,2,1,2,2023-12-28 00:00:00+03,46523938
649,1,3,3,2020-07-05 00:00:00+03,13150581
650,2,2,2,2023-03-15 00:00:00+03,23651393
651,5,2,2,2021-10-22 00:00:00+03,36274569
652,4,3,1,2024-04-05 00:00:00+03,16577251
653,5,3,2,2020-11-18 00:00:00+03,49990889
654,1,3,1,2020-04-07 00:00:00+03,27940496
655,5,2,3,2019-11-02 00:00:00+03,16802641
656,3,2,1,2020-09-13 00:00:00+03,13853528
657,3,1,1,2024-07-21 00:00:00+03,26232902
658,5,1,2,2020-09-15 00:00:00+03,17101896
659,3,2,2,2023-01-30 00:00:00+03,32878442
660,5,3,2,2023-04-09 00:00:00+03,41423434
661,1,1,2,2019-07-03 00:00:00+03,45679514
662,3,3,3,2020-07-08 00:00:00+03,10762611
663,1,3,2,2019-02-20 00:00:00+03,26725477
664,4,3,3,2022-03-16 00:00:00+03,24404315
665,4,1,2,2023-11-10 00:00:00+03,22326235
666,4,1,2,2024-04-12 00:00:00+03,36983764
667,2,2,3,2020-05-22 00:00:00+03,10483109
668,4,3,2,2022-07-15 00:00:00+03,27157389
669,2,3,2,2024-11-26 00:00:00+03,46606901
670,1,2,1,2021-06-23 00:00:00+03,42133927
671,1,2,1,2019-05-06 00:00:00+03,16352027
672,3,3,2,2023-05-07 00:00:00+03,44204127
673,5,3,2,2019-10-30 00:00:00+03,19961005
674,3,3,1,2020-03-17 00:00:00+03,26126446
675,3,3,1,2022-08-29 00:00:00+03,33876179
676,5,1,1,2023-05-28 00:00:00+03,39275444
677,1,1,2,2024-11-11 00:00:00+03,29201293
678,1,3,1,2023-09-28 00:00:00+03,23596647
679,1,2,3,2020-04-29 00:00:00+03,16987452
680,5,3,2,2023-03-19 00:00:00+03,34716428
681,1,2,3,2019-06-19 00:00:00+03,8991267
682,5,3,3,2024-08-12 00:00:00+03,17521435
683,5,3,3,2022-04-29 00:00:00+03,37640498
684,4,1,3,2020-06-21 00:00:00+03,29469063
685,2,1,1,2023-07-14 00:00:00+03,44478835
686,2,2,1,2024-02-24 00:00:00+03,5378447
687,1,2,3,2021-02-21 00:00:00+03,8712172
688,4,3,3,2020-06-11 00:00:00+03,39957834
689,3,2,2,2023-12-28 00:00:00+03,32501496
690,1,3,1,2019-08-07 00:00:00+03,32311567
691,3,2,2,2022-08-02 00:00:00+03,44051965
692,1,2,1,2023-04-10 00:00:00+03,20853462
693,3,1,2,2024-03-07 00:00:00+03,23846859
694,1,1,3,2020-11-29 00:00:00+03,32044107
695,1,3,2,2022-06-03 00:00:00+03,19459680
696,4,1,2,2023-02-05 00:00:00+03,24116134
697,2,3,1,2019-06-10 00:00:00+03,7469511
698,1,3,1,2019-02-21 00:00:00+03,41010692
699,4,2,2,2020-11-02 00:00:00+03,30328117
700,5,1,3,2023-08-29 00:00:00+03,35011362
701,2,2,2,2019-10-23 00:00:00+03,14346921
702,4,1,1,2024-09-27 00:00:00+03,14759388
703,3,2,1,2021-07-05 00:00:00+03,30761082
704,4,1,2,2021-10-06 00:00:00+03,14983706
705,2,2,3,2022-04-11 00:00:00+03,31875398
706,4,2,3,2022-09-29 00:00:00+03,46921253
707,4,3,2,2021-12-12 00:00:00+03,29357355
708,4,1,2,2019-01-26 00:00:00+03,34125911
709,2,3,1,2024-08-09 00:00:00+03,38548258
710,4,3,3,2024-09-19 00:00:00+03,5720226
711,4,3,3,2019-04-25 00:00:00+03,20989052
712,5,2,2,2021-11-02 00:00:00+03,44298827
713,2,2,2,2019-04-10 00:00:00+03,48763874
714,3,3,3,2021-07-15 00:00:00+03,23902597
715,4,2,3,2019-10-30 00:00:00+03,5846348
716,2,3,3,2022-05-02 00:00:00+03,7260114
717,4,3,1,2023-02-20 00:00:00+03,7123276
718,2,2,3,2019-04-26 00:00:00+03,26324476
719,4,1,2,2022-04-18 00:00:00+03,44984292
720,1,1,1,2024-05-11 00:00:00+03,47148988
721,3,2,1,2021-04-10 00:00:00+03,14993857
722,2,2,2,2020-08-29 00:00:00+03,37919225
723,4,1,1,2022-11-29 00:00:00+03,48692407
724,5,1,2,2024-07-18 00:00:00+03,31567798
725,1,3,1,2020-06-18 00:00:00+03,31276067
726,4,1,3,2020-02-26 00:00:00+03,18117301
727,4,1,1,2022-03-28 00:00:00+03,7105431
728,5,1,3,2023-03-28 00:00:00+03,38023855
729,3,3,3,2019-06-12 00:00:00+03,5533059
730,1,3,1,2023-03-24 00:00:00+03,25106805
731,5,3,2,2020-03-24 00:00:00+03,21013082
732,3,2,3,2023-11-25 00:00:00+03,16932854
733,2,3,3,2020-09-20 00:00:00+03,32987266
734,4,2,2,2023-09-07 00:00:00+03,24778559
735,5,3,2,2019-05-02 00:00:00+03,8421027
736,2,1,1,2019-05-19 00:00:00+03,18443487
737,3,3,2,2020-04-18 00:00:00+03,36505322
738,2,2,1,2021-08-09 00:00:00+03,19700729
739,2,1,3,2024-11-23 00:00:00+03,32597616
740,5,3,3,2019-11-21 00:00:00+03,45607975
741,3,1,2,2022-05-01 00:00:00+03,7841033
742,3,1,3,2024-07-08 00:00:00+03,13336136
743,3,1,3,2020-09-22 00:00:00+03,36208727
744,5,2,2,2022-03-08 00:00:00+03,8857236
745,4,2,1,2022-05-16 00:00:00+03,30388628
746,3,3,3,2024-08-29 00:00:00+03,47283278
747,5,2,3,2023-09-20 00:00:00+03,5707412
748,5,1,3,2024-10-03 00:00:00+03,40145569
749,1,2,1,2023-07-02 00:00:00+03,33977508
750,2,1,1,2020-05-22 00:00:00+03,40398420
751,2,2,2,2019-12-28 00:00:00+03,30500105
752,4,1,1,2021-04-16 00:00:00+03,8981568
753,2,3,3,2019-07-05 00:00:00+03,27109219
754,3,1,2,2020-05-26 00:00:00+03,11073661
755,5,1,2,2021-07-31 00:00:00+03,13475247
756,4,3,2,2022-08-17 00:00:00+03,26949650
757,3,3,1,2024-01-16 00:00:00+03,42952077
758,4,3,3,2020-07-27 00:00:00+03,31012114
759,4,2,3,2022-06-26 00:00:00+03,41615942
760,3,2,1,2021-07-08 00:00:00+03,23127643
761,4,2,1,2020-05-03 00:00:00+03,17265263
762,4,1,2,2020-08-22 00:00:00+03,43435906
763,5,1,1,2021-06-15 00:00:00+03,48314805
764,5,2,3,2023-10-20 00:00:00+03,29968168
765,3,2,3,2024-10-03 00:00:00+03,6529392
766,2,1,2,2024-09-14 00:00:00+03,9448738
767,5,3,1,2019-07-07 00:00:00+03,6083871
768,1,2,3,2021-02-01 00:00:00+03,22515023
769,5,2,2,2020-09-23 00:00:00+03,49119737
770,2,1,3,2024-02-13 00:00:00+03,45850118
771,5,1,3,2023-01-04 00:00:00+03,26692295
772,1,1,3,2019-07-23 00:00:00+03,15253512
773,3,3,2,2023-08-26 00:00:00+03,22885836
774,1,3,1,2021-01-21 00:00:00+03,36768185
775,4,2,2,2024-02-07 00:00:00+03,45163041
776,1,3,3,2023-07-19 00:00:00+03,26054779
777,4,3,1,2020-04-10 00:00:00+03,37649247
778,1,1,1,2019-02-06 00:00:00+03,19183093
779,1,1,3,2019-07-20 00:00:00+03,18386243
780,3,2,3,2024-09-13 00:00:00+03,35802016
781,3,2,1,2024-09-02 00:00:00+03,26045895
782,2,1,3,2021-09-24 00:00:00+03,48861902
783,5,1,1,2019-11-10 00:00:00+03,34596101
784,4,2,3,2020-03-20 00:00:00+03,40860863
785,4,2,3,2019-09-18 00:00:00+03,17809020
786,3,3,2,2023-05-29 00:00:00+03,29180521
787,2,1,3,2021-09-26 00:00:00+03,44218124
788,3,1,3,2019-08-08 00:00:00+03,29569883
789,2,2,3,2024-09-12 00:00:00+03,26396370
790,4,2,2,2021-10-11 00:00:00+03,33047698
791,4,3,3,2019-09-19 00:00:00+03,20648175
792,5,3,3,2023-02-17 00:00:00+03,20875827
793,1,2,1,2023-01-26 00:00:00+03,23563156
794,2,2,2,2019-03-05 00:00:00+03,35544718
795,2,3,3,2020-12-12 00:00:00+03,25661780
796,2,1,2,2021-10-07 00:00:00+03,45596293
797,5,3,1,2024-09-19 00:00:00+03,37685871
798,3,2,2,2024-08-01 00:00:00+03,42156688
799,4,3,3,2021-06-27 00:00:00+03,44182717
800,2,2,1,2019-08-14 00:00:00+03,15232665
801,4,1,1,2020-05-30 00:00:00+03,43479519
802,1,2,3,2021-08-15 00:00:00+03,27496343
803,1,2,3,2020-02-01 00:00:00+03,18299616
804,5,1,2,2022-06-11 00:00:00+03,23961747
805,5,1,2,2022-04-18 00:00:00+03,30945391
806,2,1,3,2021-09-11 00:00:00+03,35029674
807,2,3,2,2022-07-20 00:00:00+03,22510923
808,2,3,2,2024-02-06 00:00:00+03,20804086
809,2,2,1,2019-10-27 00:00:00+03,23321671
810,2,2,2,2019-11-23 00:00:00+03,30169156
811,3,3,2,2022-12-08 00:00:00+03,23737190
812,1,1,1,2023-01-13 00:00:00+03,25576142
813,2,3,2,2020-08-19 00:00:00+03,8453581
814,1,2,3,2024-04-14 00:00:00+03,42172390
815,2,2,3,2019-08-31 00:00:00+03,18421280
816,2,2,2,2021-07-24 00:00:00+03,28567970
817,1,1,1,2020-03-26 00:00:00+03,29119752
818,3,1,3,2021-09-03 00:00:00+03,46773305
819,4,2,3,2023-08-14 00:00:00+03,32243127
820,5,2,3,2022-09-11 00:00:00+03,24380353
821,2,1,3,2019-12-03 00:00:00+03,8892621
822,1,1,2,2022-06-22 00:00:00+03,5406096
823,1,1,2,2019-12-25 00:00:00+03,17536048
824,5,2,3,2023-03-29 00:00:00+03,19535436
825,3,3,1,2024-03-06 00:00:00+03,10513795
826,2,3,1,2024-02-08 00:00:00+03,32272086
827,3,1,3,2024-11-18 00:00:00+03,41609909
828,1,2,1,2023-12-31 00:00:00+03,44906419
829,1,2,1,2020-07-30 00:00:00+03,27335507
830,5,1,2,2024-01-04 00:00:00+03,42007713
831,4,1,1,2023-10-14 00:00:00+03,26559835
832,5,1,2,2024-09-04 00:00:00+03,30627795
833,2,2,2,2019-06-19 00:00:00+03,10864784
834,5,1,2,2024-01-11 00:00:00+03,36376640
835,4,1,1,2020-07-14 00:00:00+03,5539281
836,2,1,3,2022-10-28 00:00:00+03,34922772
837,1,3,2,2023-04-11 00:00:00+03,16244667
838,2,1,1,2023-06-18 00:00:00+03,11383165
839,5,1,1,2020-06-25 00:00:00+03,9367577
840,5,2,1,2023-02-01 00:00:00+03,42780066
841,4,1,2,2020-03-01 00:00:00+03,12628386
842,5,2,2,2022-04-06 00:00:00+03,14888349
843,4,3,2,2022-09-04 00:00:00+03,43240766
844,3,2,3,2023-11-26 00:00:00+03,46142762
845,3,2,3,2019-03-28 00:00:00+03,31157027
846,1,3,3,2022-06-21 00:00:00+03,40891084
847,3,3,2,2023-06-05 00:00:00+03,22391845
848,4,1,1,2022-12-01 00:00:00+03,36573492
849,3,1,1,2019-10-01 00:00:00+03,29922455
850,1,1,2,2021-05-29 00:00:00+03,29874248
851,2,2,3,2019-02-11 00:00:00+03,27323036
852,2,3,1,2021-12-18 00:00:00+03,39009405
853,1,3,1,2023-05-20 00:00:00+03,40033166
854,1,1,3,2023-09-09 00:00:00+03,32352678
855,1,1,3,2020-01-22 00:00:00+03,43338532
856,5,1,3,2020-12-26 00:00:00+03,5458272
857,2,1,1,2020-09-20 00:00:00+03,18052537
858,4,1,3,2024-06-07 00:00:00+03,21350333
859,4,2,3,2023-06-24 00:00:00+03,16570234
860,2,2,2,2019-12-23 00:00:00+03,26327484
861,5,2,2,2020-11-13 00:00:00+03,26526351
862,4,3,3,2022-04-19 00:00:00+03,6923779
863,1,2,1,2022-06-21 00:00:00+03,49509796
864,1,2,3,2022-06-27 00:00:00+03,43543299
865,4,3,3,2021-03-24 00:00:00+03,13493367
866,4,2,3,2019-11-12 00:00:00+03,32587825
867,1,2,1,2022-09-28 00:00:00+03,34143017
868,3,1,1,2024-01-20 00:00:00+03,18258238
869,1,3,2,2024-08-08 00:00:00+03,28368200
870,3,2,3,2023-02-04 00:00:00+03,8482161
871,1,2,1,2020-04-12 00:00:00+03,38921812
872,3,3,1,2023-09-21 00:00:00+03,26986576
873,1,3,3,2021-05-07 00:00:00+03,38659751
874,2,2,3,2020-08-01 00:00:00+03,35260912
875,4,2,1,2021-11-08 00:00:00+03,38759896
876,3,2,2,2023-04-08 00:00:00+03,43645450
877,1,3,1,2022-07-19 00:00:00+03,7081110
878,5,1,2,2024-07-20 00:00:00+03,47653221
879,3,2,2,2023-11-20 00:00:00+03,26431981
880,1,2,1,2021-06-23 00:00:00+03,35303950
881,3,2,3,2021-11-23 00:00:00+03,43463770
882,2,2,1,2023-07-29 00:00:00+03,30590802
883,4,1,1,2024-03-29 00:00:00+03,42828091
884,1,1,1,2023-07-07 00:00:00+03,9489309
885,1,3,2,2024-08-08 00:00:00+03,46342818
886,3,3,1,2022-08-07 00:00:00+03,31096727
887,5,1,2,2022-10-13 00:00:00+03,39939506
888,4,3,3,2022-11-09 00:00:00+03,31594633
889,3,1,3,2021-08-25 00:00:00+03,5380127
890,4,1,1,2020-03-07 00:00:00+03,18561254
891,2,3,2,2024-11-22 00:00:00+03,30583353
892,5,1,1,2021-01-28 00:00:00+03,10055789
893,5,2,2,2023-12-31 00:00:00+03,15224249
894,5,2,3,2020-11-05 00:00:00+03,48529373
895,1,2,2,2022-08-09 00:00:00+03,15821334
896,1,1,3,2022-09-02 00:00:00+03,45505029
897,5,2,1,2021-09-03 00:00:00+03,36723482
898,3,1,3,2021-12-03 00:00:00+03,25318124
899,2,1,2,2021-12-01 00:00:00+03,48336589
900,4,2,1,2022-04-26 00:00:00+03,49594096
901,5,2,3,2021-11-29 00:00:00+03,14514721
902,1,3,3,2021-03-30 00:00:00+03,22084145
903,3,1,3,2021-09-28 00:00:00+03,34183820
904,2,2,2,2023-07-01 00:00:00+03,46400610
905,1,1,1,2019-08-07 00:00:00+03,8752287
906,3,2,2,2020-12-05 00:00:00+03,35423238
907,5,3,1,2022-02-05 00:00:00+03,49885848
908,3,3,2,2022-01-03 00:00:00+03,28766515
909,3,3,1,2024-09-05 00:00:00+03,17533834
910,3,3,2,2023-08-27 00:00:00+03,12645921
911,5,2,2,2021-09-28 00:00:00+03,30495530
912,4,3,1,2023-05-16 00:00:00+03,34002843
913,2,2,1,2024-04-24 00:00:00+03,31806848
914,5,2,1,2023-06-21 00:00:00+03,38845061
915,4,3,2,2022-05-01 00:00:00+03,37878796
916,1,1,3,2020-01-13 00:00:00+03,32776174
917,1,2,2,2021-08-20 00:00:00+03,45822782
918,5,1,3,2021-01-05 00:00:00+03,6998871
919,5,3,3,2021-11-11 00:00:00+03,8826162
920,1,2,1,2021-02-16 00:00:00+03,42093011
921,3,3,2,2023-07-31 00:00:00+03,29834777
922,2,3,1,2019-12-18 00:00:00+03,14730022
923,4,3,3,2019-03-13 00:00:00+03,19445662
924,5,1,2,2019-09-30 00:00:00+03,14335852
925,5,2,2,2020-02-29 00:00:00+03,21185581
926,4,2,3,2019-06-19 00:00:00+03,42816039
927,3,3,3,2022-10-31 00:00:00+03,40263065
928,5,1,3,2021-10-31 00:00:00+03,15819359
929,5,1,2,2020-10-08 00:00:00+03,20908294
930,5,3,2,2020-09-22 00:00:00+03,33801466
931,4,1,1,2019-09-20 00:00:00+03,8362152
932,3,3,2,2019-11-12 00:00:00+03,37621611
933,5,2,2,2021-09-15 00:00:00+03,16477900
934,1,1,1,2024-07-14 00:00:00+03,36779524
935,1,1,2,2021-03-23 00:00:00+03,33296133
936,5,2,2,2021-05-09 00:00:00+03,6077459
937,2,1,2,2021-01-29 00:00:00+03,42899069
938,5,1,2,2024-01-26 00:00:00+03,43526206
939,2,1,1,2021-05-13 00:00:00+03,5207733
940,4,1,2,2020-09-28 00:00:00+03,33027002
941,4,3,1,2019-06-06 00:00:00+03,39751627
942,4,2,1,2019-10-22 00:00:00+03,27012548
943,2,3,2,2020-04-04 00:00:00+03,49623861
944,4,2,2,2023-02-15 00:00:00+03,47440578
945,3,3,2,2023-09-28 00:00:00+03,21416431
946,5,2,1,2019-05-06 00:00:00+03,32495153
947,2,2,2,2019-07-16 00:00:00+03,9336863
948,5,1,3,2022-12-30 00:00:00+03,44525625
949,3,3,2,2023-02-07 00:00:00+03,45856492
950,5,1,2,2024-09-30 00:00:00+03,13162472
951,3,1,2,2022-12-09 00:00:00+03,41483592
952,5,2,2,2023-06-17 00:00:00+03,44566631
953,1,2,1,2023-06-10 00:00:00+03,16719388
954,3,2,1,2021-02-28 00:00:00+03,30407982
955,4,3,3,2019-09-26 00:00:00+03,40430507
956,4,2,2,2019-06-21 00:00:00+03,12526188
957,4,1,3,2022-01-14 00:00:00+03,18581776
958,4,3,3,2021-12-27 00:00:00+03,27491640
959,3,1,3,2024-02-07 00:00:00+03,5098876
960,3,3,1,2022-09-07 00:00:00+03,30022842
961,4,1,1,2023-03-19 00:00:00+03,19091415
962,4,1,3,2023-05-30 00:00:00+03,29793009
963,4,2,3,2024-05-28 00:00:00+03,49322984
964,3,3,1,2024-07-11 00:00:00+03,5044832
965,2,1,1,2023-04-02 00:00:00+03,29517481
966,4,2,2,2020-12-27 00:00:00+03,20937075
967,2,3,1,2021-11-18 00:00:00+03,32668076
968,5,3,1,2023-12-29 00:00:00+03,11654388
969,5,2,3,2022-10-15 00:00:00+03,48265826
970,5,2,2,2019-12-03 00:00:00+03,29757579
971,1,1,3,2022-04-13 00:00:00+03,49141430
972,2,2,2,2021-05-28 00:00:00+03,45332475
973,1,1,3,2023-04-16 00:00:00+03,26763386
974,5,2,1,2020-12-10 00:00:00+03,9350931
975,4,1,3,2020-01-27 00:00:00+03,16590021
976,4,1,2,2019-06-14 00:00:00+03,6131682
977,1,3,3,2019-11-16 00:00:00+03,43207708
978,4,1,2,2021-07-29 00:00:00+03,37179038
979,2,3,1,2023-06-15 00:00:00+03,16517094
980,2,3,2,2023-05-01 00:00:00+03,33371434
981,4,2,3,2022-08-28 00:00:00+03,29448167
982,1,2,3,2019-05-01 00:00:00+03,6643499
983,1,3,1,2020-08-23 00:00:00+03,12041527
984,4,1,3,2023-11-26 00:00:00+03,12903519
985,4,1,1,2020-10-11 00:00:00+03,7603084
986,3,1,3,2020-03-28 00:00:00+03,10940543
987,5,2,3,2021-01-17 00:00:00+03,19761759
988,5,2,3,2021-05-06 00:00:00+03,41612654
989,1,1,2,2020-04-23 00:00:00+03,29485904
990,3,2,3,2023-11-21 00:00:00+03,33402727
991,4,2,2,2023-03-25 00:00:00+03,26595234
992,1,2,3,2020-07-08 00:00:00+03,43386753
993,5,3,2,2023-04-26 00:00:00+03,34912707
994,2,1,1,2022-09-12 00:00:00+03,11918024
995,3,3,3,2020-11-18 00:00:00+03,6934305
996,3,3,3,2021-08-09 00:00:00+03,46247716
997,2,3,2,2020-11-16 00:00:00+03,26902216
998,2,1,2,2024-11-05 00:00:00+03,32225610
999,3,3,3,2024-02-10 00:00:00+03,32757972
1000,2,1,1,2023-06-13 00:00:00+03,22997026
1001,1,3,2,2021-08-21 00:00:00+03,21963928
1002,5,3,1,2019-12-28 00:00:00+03,41356368
1003,1,3,3,2019-09-03 00:00:00+03,23732319
1004,3,1,1,2019-10-27 00:00:00+03,19274534
1005,2,2,1,2019-04-07 00:00:00+03,40922953
1006,2,1,1,2020-08-23 00:00:00+03,24642098
1007,3,1,3,2024-04-18 00:00:00+03,30312581
1008,4,2,3,2023-01-11 00:00:00+03,10018894
1009,3,3,1,2019-06-19 00:00:00+03,44973258
1010,3,2,2,2020-04-18 00:00:00+03,34494705
1011,2,3,3,2021-04-06 00:00:00+03,48964229
1012,2,3,3,2024-07-26 00:00:00+03,36259800
1013,5,2,2,2019-02-02 00:00:00+03,18497187
1014,5,2,3,2024-07-08 00:00:00+03,25293871
1015,3,1,1,2020-12-17 00:00:00+03,19675244
1016,3,1,1,2022-06-25 00:00:00+03,37097611
1017,1,1,2,2021-11-17 00:00:00+03,26962663
1018,3,1,3,2019-12-06 00:00:00+03,26427765
1019,3,3,3,2023-04-09 00:00:00+03,12304534
1020,1,3,3,2022-12-29 00:00:00+03,18432914
1021,3,1,1,2022-01-26 00:00:00+03,18886382
1022,3,3,2,2024-07-10 00:00:00+03,14708307
1023,3,2,3,2022-05-29 00:00:00+03,43762333
1024,5,1,1,2024-01-31 00:00:00+03,13992768
1025,3,2,3,2019-09-19 00:00:00+03,19804074
1026,1,1,3,2024-01-17 00:00:00+03,43898518
1027,3,3,2,2023-03-01 00:00:00+03,5790389
1028,4,2,1,2024-05-05 00:00:00+03,42084133
1029,4,2,2,2019-10-28 00:00:00+03,16108773
1030,4,1,1,2019-08-28 00:00:00+03,21552510
1031,1,2,3,2019-04-23 00:00:00+03,41861909
1032,2,3,2,2020-02-02 00:00:00+03,13306979
1033,1,3,2,2024-05-06 00:00:00+03,25347437
1034,3,2,3,2022-06-13 00:00:00+03,38240155
1035,2,1,2,2020-09-27 00:00:00+03,24102454
1036,2,1,2,2021-01-21 00:00:00+03,46309012
1037,2,2,1,2023-02-13 00:00:00+03,6766303
1038,4,2,1,2023-09-22 00:00:00+03,20221026
1039,2,1,1,2019-06-28 00:00:00+03,49761812
1040,3,2,2,2021-01-16 00:00:00+03,20417685
1041,5,3,1,2020-05-15 00:00:00+03,49237144
1042,2,2,3,2021-08-06 00:00:00+03,48221739
1043,4,2,2,2019-03-25 00:00:00+03,7919556
1044,5,1,3,2020-07-11 00:00:00+03,22872888
1045,5,3,2,2024-01-26 00:00:00+03,6728374
1046,3,1,3,2019-01-08 00:00:00+03,41879424
1047,3,3,2,2024-05-15 00:00:00+03,25175518
1048,4,3,3,2019-11-14 00:00:00+03,6835040
1049,5,3,2,2021-01-10 00:00:00+03,44204571
1050,3,1,2,2022-07-06 00:00:00+03,30001069
1051,3,1,3,2021-01-06 00:00:00+03,40452688
1052,1,2,2,2021-07-05 00:00:00+03,9982776
1053,4,2,3,2020-10-04 00:00:00+03,34651082
1054,5,2,1,2019-03-31 00:00:00+03,8905864
1055,5,1,3,2019-09-20 00:00:00+03,19839853
1056,5,2,1,2023-09-04 00:00:00+03,23613799
1057,5,3,2,2019-07-04 00:00:00+03,25392803
1058,3,2,2,2022-11-04 00:00:00+03,39804610
1059,4,2,2,2019-04-23 00:00:00+03,37742790
1060,5,2,3,2021-09-18 00:00:00+03,6318506
1061,1,3,3,2022-03-26 00:00:00+03,18936828
1062,2,3,3,2022-01-30 00:00:00+03,22054958
1063,1,1,3,2019-10-29 00:00:00+03,13144264
1064,4,3,1,2021-07-13 00:00:00+03,31699172
1065,5,3,3,2019-02-14 00:00:00+03,15929741
1066,4,2,1,2021-01-20 00:00:00+03,39526323
1067,4,1,3,2024-01-26 00:00:00+03,38228430
1068,2,2,3,2019-10-16 00:00:00+03,33859300
1069,4,2,3,2023-12-10 00:00:00+03,6679079
1070,5,1,2,2020-05-21 00:00:00+03,20188746
1071,3,1,1,2019-07-06 00:00:00+03,5387376
1072,2,2,2,2020-11-12 00:00:00+03,15344590
1073,4,2,1,2019-01-10 00:00:00+03,33452808
1074,1,3,1,2019-10-19 00:00:00+03,19407563
1075,4,1,3,2024-10-20 00:00:00+03,27852165
1076,4,3,2,2020-12-22 00:00:00+03,26073391
1077,4,1,3,2023-05-30 00:00:00+03,49671455
1078,1,3,3,2024-05-25 00:00:00+03,43407906
1079,2,1,1,2022-03-26 00:00:00+03,33657384
1080,4,1,2,2019-05-31 00:00:00+03,49553388
1081,2,1,1,2023-02-14 00:00:00+03,33244939
1082,1,3,2,2022-10-28 00:00:00+03,28939795
1083,4,2,3,2019-08-30 00:00:00+03,15366908
1084,5,3,2,2019-02-11 00:00:00+03,25465449
1085,4,2,3,2024-03-19 00:00:00+03,33186680
1086,2,2,3,2023-06-06 00:00:00+03,34139886
1087,2,2,1,2022-05-31 00:00:00+03,40039138
1088,4,1,3,2021-09-07 00:00:00+03,35875071
1089,3,3,3,2020-07-31 00:00:00+03,49400157
1090,3,3,3,2021-05-03 00:00:00+03,19671367
1091,2,1,2,2024-10-06 00:00:00+03,32914200
1092,5,2,1,2022-09-09 00:00:00+03,43718117
1093,4,2,2,2023-12-30 00:00:00+03,25065962
1094,4,1,2,2020-09-21 00:00:00+03,38849661
1095,3,3,3,2024-10-08 00:00:00+03,36803933
1096,1,1,1,2023-02-06 00:00:00+03,42291157
1097,1,2,3,2020-06-25 00:00:00+03,25028168
1098,2,2,2,2024-07-14 00:00:00+03,40672365
1099,3,1,2,2023-02-22 00:00:00+03,28543382
1100,5,3,3,2024-08-05 00:00:00+03,45875532
1101,5,3,1,2020-10-24 00:00:00+03,16459749
1102,5,3,3,2024-12-02 00:00:00+03,33356934
1103,3,3,1,2020-09-27 00:00:00+03,20994619
1104,4,1,1,2024-01-20 00:00:00+03,24774090
1105,4,2,1,2020-09-12 00:00:00+03,24005092
1106,2,1,3,2023-04-17 00:00:00+03,31325851
1107,3,3,3,2024-05-27 00:00:00+03,11933155
1108,3,1,3,2019-07-18 00:00:00+03,26582361
1109,3,1,1,2022-09-09 00:00:00+03,43281803
1110,3,3,3,2022-05-29 00:00:00+03,46849240
1111,3,1,1,2022-03-22 00:00:00+03,21410363
1112,5,2,3,2021-04-01 00:00:00+03,49843465
1113,3,1,1,2024-11-19 00:00:00+03,14980022
1114,4,3,2,2021-10-27 00:00:00+03,5307641
1115,1,2,2,2023-07-09 00:00:00+03,33284058
1116,2,1,3,2020-05-19 00:00:00+03,15822146
1117,1,1,2,2024-05-24 00:00:00+03,26361353
1118,4,2,2,2020-08-12 00:00:00+03,26663855
1119,3,3,2,2024-03-19 00:00:00+03,37644426
1120,1,2,2,2021-09-02 00:00:00+03,20933999
1121,3,3,3,2019-09-25 00:00:00+03,26527867
1122,5,1,2,2020-03-02 00:00:00+03,40045464
1123,1,1,1,2022-08-24 00:00:00+03,28802563
1124,4,3,3,2023-02-05 00:00:00+03,43780901
1125,1,1,1,2022-07-25 00:00:00+03,25826421
1126,3,3,1,2021-08-31 00:00:00+03,49071734
1127,3,1,2,2019-02-14 00:00:00+03,30906198
1128,1,1,1,2022-12-04 00:00:00+03,32557139
1129,2,1,3,2020-08-08 00:00:00+03,16803919
1130,2,2,2,2022-10-30 00:00:00+03,9443335
1131,5,2,3,2020-09-03 00:00:00+03,22307292
1132,3,3,2,2024-12-10 00:00:00+03,20897411
1133,1,2,2,2022-05-26 00:00:00+03,30317611
1134,3,1,1,2021-09-12 00:00:00+03,6946456
1135,1,1,3,2023-05-24 00:00:00+03,23051296
1136,4,1,3,2020-03-12 00:00:00+03,34878839
1137,1,3,2,2023-01-19 00:00:00+03,24133603
1138,2,1,3,2020-12-24 00:00:00+03,9954799
1139,4,1,2,2020-02-10 00:00:00+03,31863304
1140,4,3,1,2020-07-27 00:00:00+03,10536694
1141,2,2,1,2024-02-15 00:00:00+03,45909118
1142,2,3,3,2021-12-17 00:00:00+03,36800095
1143,1,3,3,2024-05-09 00:00:00+03,45800714
1144,5,1,1,2024-07-04 00:00:00+03,46930151
1145,3,2,1,2021-09-20 00:00:00+03,26678364
1146,2,2,3,2019-04-07 00:00:00+03,12017419
1147,2,2,3,2022-12-14 00:00:00+03,13276120
1148,2,3,2,2021-06-01 00:00:00+03,12513993
1149,1,3,2,2019-08-24 00:00:00+03,17609952
1150,2,3,1,2022-05-08 00:00:00+03,21221208
1151,3,2,3,2021-01-16 00:00:00+03,45779303
1152,1,3,2,2019-07-27 00:00:00+03,42216707
1153,4,2,1,2021-02-16 00:00:00+03,16409691
1154,3,1,1,2023-11-18 00:00:00+03,15745887
1155,3,2,2,2021-10-19 00:00:00+03,23806951
1156,5,2,2,2024-03-30 00:00:00+03,26810946
1157,2,2,1,2019-04-23 00:00:00+03,18916284
1158,2,1,2,2019-05-10 00:00:00+03,46607983
1159,5,2,3,2021-02-08 00:00:00+03,39285743
1160,2,2,3,2021-05-15 00:00:00+03,36992899
1161,4,2,2,2024-04-15 00:00:00+03,35205559
1162,1,1,1,2019-02-06 00:00:00+03,20180824
1163,4,2,2,2024-11-26 00:00:00+03,42890150
1164,1,3,3,2020-09-26 00:00:00+03,43268522
1165,2,1,1,2021-07-06 00:00:00+03,33650956
1166,3,3,2,2022-09-08 00:00:00+03,22575025
1167,5,2,2,2020-01-14 00:00:00+03,10459239
1168,4,2,2,2019-09-10 00:00:00+03,41273056
1169,1,1,3,2022-04-21 00:00:00+03,14042117
1170,1,2,1,2020-01-24 00:00:00+03,44334341
1171,5,3,1,2024-05-12 00:00:00+03,41623352
1172,2,3,3,2024-07-29 00:00:00+03,44266208
1173,2,2,1,2023-11-27 00:00:00+03,18539769
1174,5,3,1,2023-05-29 00:00:00+03,47626457
1175,1,1,1,2024-01-07 00:00:00+03,20143333
1176,3,1,1,2019-06-30 00:00:00+03,10613512
1177,4,3,3,2019-07-01 00:00:00+03,7781798
1178,4,1,2,2021-11-26 00:00:00+03,9919946
1179,3,2,3,2023-01-28 00:00:00+03,34428095
1180,3,2,3,2023-12-02 00:00:00+03,44054641
1181,2,1,3,2023-10-08 00:00:00+03,38502170
1182,1,3,1,2019-05-01 00:00:00+03,32287265
1183,3,2,3,2020-01-08 00:00:00+03,18406982
1184,4,3,3,2022-06-30 00:00:00+03,39976808
1185,1,1,3,2023-07-07 00:00:00+03,12902893
1186,3,2,2,2022-11-03 00:00:00+03,19212283
1187,4,3,1,2023-08-06 00:00:00+03,32838855
1188,4,3,1,2021-12-19 00:00:00+03,15368295
1189,4,2,2,2023-03-23 00:00:00+03,23418522
1190,5,3,2,2023-11-25 00:00:00+03,39427795
1191,1,3,2,2021-07-06 00:00:00+03,45652323
1192,1,3,3,2019-07-12 00:00:00+03,14571587
1193,2,3,3,2021-06-27 00:00:00+03,26617055
1194,5,3,1,2024-09-30 00:00:00+03,11235631
1195,4,2,3,2022-06-02 00:00:00+03,48971111
1196,1,2,2,2023-07-29 00:00:00+03,32399808
1197,5,3,2,2019-04-05 00:00:00+03,28238470
1198,4,3,1,2019-07-03 00:00:00+03,30381651
1199,1,3,3,2021-02-28 00:00:00+03,27182455
1200,1,3,3,2024-09-04 00:00:00+03,19595376
1201,5,3,3,2019-11-15 00:00:00+03,40786329
1202,3,2,3,2019-08-15 00:00:00+03,7476039
1203,3,3,1,2020-01-01 00:00:00+03,33635117
1204,5,1,2,2023-06-07 00:00:00+03,35219029
1205,2,3,3,2019-07-02 00:00:00+03,26658868
1206,1,2,1,2021-05-19 00:00:00+03,47945491
1207,2,3,3,2020-01-07 00:00:00+03,35284244
1208,1,2,2,2024-10-26 00:00:00+03,38979437
1209,5,1,2,2019-09-28 00:00:00+03,47571683
1210,3,3,1,2024-06-17 00:00:00+03,10557393
1211,4,1,1,2023-06-30 00:00:00+03,44463905
1212,3,2,3,2022-01-19 00:00:00+03,9002455
1213,2,1,1,2022-04-12 00:00:00+03,21789875
1214,4,1,3,2023-11-08 00:00:00+03,22505620
1215,4,1,1,2021-09-06 00:00:00+03,9801286
1216,3,3,2,2019-10-09 00:00:00+03,40771348
1217,3,2,3,2024-07-16 00:00:00+03,27142582
1218,1,2,3,2023-10-07 00:00:00+03,48187474
1219,2,2,1,2023-04-14 00:00:00+03,25300973
1220,5,1,2,2024-01-12 00:00:00+03,30836451
1221,2,2,3,2022-10-25 00:00:00+03,5785359
1222,1,2,1,2024-11-26 00:00:00+03,15696531
1223,3,2,3,2022-04-03 00:00:00+03,48878256
1224,5,1,3,2023-09-09 00:00:00+03,28713804
1225,5,3,3,2021-04-26 00:00:00+03,18195716
1226,4,2,1,2021-10-15 00:00:00+03,23695434
1227,1,1,2,2019-01-02 00:00:00+03,45391237
1228,4,3,3,2023-03-31 00:00:00+03,9933131
1229,2,1,1,2019-09-17 00:00:00+03,42585667
1230,5,2,2,2022-05-14 00:00:00+03,16934695
1231,5,2,1,2020-12-02 00:00:00+03,30475611
1232,4,3,1,2020-06-23 00:00:00+03,40050628
1233,4,1,2,2019-05-29 00:00:00+03,40051075
1234,4,2,3,2019-02-26 00:00:00+03,40518783
1235,1,3,3,2021-02-14 00:00:00+03,37908397
1236,4,1,2,2022-04-10 00:00:00+03,5902357
1237,2,1,3,2023-07-14 00:00:00+03,15953604
1238,2,3,3,2021-04-10 00:00:00+03,13044766
1239,2,1,1,2021-06-13 00:00:00+03,16460897
1240,3,3,2,2023-10-26 00:00:00+03,43184739
1241,5,1,2,2021-07-16 00:00:00+03,46591895
1242,4,1,2,2023-02-14 00:00:00+03,42509799
1243,1,1,3,2021-09-10 00:00:00+03,37998558
1244,1,2,3,2024-10-04 00:00:00+03,16970860
1245,2,2,3,2023-01-21 00:00:00+03,12206611
1246,3,1,2,2019-11-11 00:00:00+03,48414619
1247,1,2,2,2022-10-29 00:00:00+03,32615590
1248,5,3,2,2022-06-14 00:00:00+03,48025090
1249,5,3,1,2020-09-22 00:00:00+03,33547223
1250,4,3,1,2021-08-02 00:00:00+03,32054585
1251,1,3,3,2020-08-12 00:00:00+03,10104223
1252,1,3,2,2022-02-26 00:00:00+03,27787521
1253,4,2,3,2019-11-24 00:00:00+03,19003206
1254,1,2,3,2019-07-01 00:00:00+03,6801124
1255,5,3,3,2019-08-22 00:00:00+03,46300309
1256,2,3,3,2020-07-19 00:00:00+03,27282575
1257,2,1,3,2020-06-28 00:00:00+03,22504169
1258,4,3,3,2020-04-05 00:00:00+03,13964835
1259,4,2,2,2021-02-28 00:00:00+03,15885567
1260,3,2,1,2020-01-10 00:00:00+03,19115190
1261,4,1,1,2019-12-08 00:00:00+03,49962244
1262,1,2,2,2021-03-20 00:00:00+03,6651838
1263,5,3,3,2024-07-29 00:00:00+03,12773834
1264,3,1,2,2023-10-05 00:00:00+03,41042118
1265,5,1,3,2019-12-17 00:00:00+03,18031340
1266,2,1,2,2024-10-06 00:00:00+03,24810491
1267,4,2,1,2023-05-14 00:00:00+03,7125879
1268,1,1,1,2020-02-05 00:00:00+03,32999497
1269,3,1,1,2019-08-01 00:00:00+03,14270867
1270,5,2,3,2021-07-06 00:00:00+03,30696835
1271,1,3,1,2020-09-11 00:00:00+03,42761412
1272,4,3,2,2024-01-08 00:00:00+03,22627224
1273,4,3,3,2020-01-08 00:00:00+03,43121898
1274,5,3,3,2024-08-21 00:00:00+03,20535616
1275,3,1,1,2020-09-25 00:00:00+03,14376768
1276,2,1,2,2022-11-14 00:00:00+03,48002449
1277,5,2,2,2020-01-18 00:00:00+03,10216074
1278,5,3,1,2020-12-31 00:00:00+03,5787226
1279,5,3,1,2020-05-13 00:00:00+03,24082272
1280,5,3,2,2024-11-27 00:00:00+03,16424705
1281,5,3,3,2022-02-17 00:00:00+03,5133486
1282,3,1,1,2023-02-27 00:00:00+03,34808871
1283,4,3,3,2019-09-23 00:00:00+03,44904198
1284,1,2,2,2023-10-08 00:00:00+03,46498541
1285,5,3,1,2019-11-23 00:00:00+03,21904172
1286,4,3,1,2019-06-27 00:00:00+03,6030854
1287,1,2,2,2022-03-07 00:00:00+03,17104766
1288,4,2,1,2019-03-28 00:00:00+03,47290147
1289,3,1,1,2021-08-11 00:00:00+03,28326044
1290,2,3,3,2020-04-15 00:00:00+03,23221980
1291,5,1,3,2022-05-08 00:00:00+03,5794194
1292,5,1,1,2021-07-25 00:00:00+03,43918560
1293,3,2,3,2019-05-21 00:00:00+03,15938672
1294,5,3,2,2020-07-26 00:00:00+03,27638331
1295,2,3,3,2022-10-02 00:00:00+03,42915955
1296,5,2,2,2024-10-19 00:00:00+03,17707791
1297,4,3,2,2019-06-22 00:00:00+03,24013804
1298,5,3,3,2024-08-06 00:00:00+03,48829883
1299,5,2,3,2020-01-18 00:00:00+03,36503421
1300,5,1,1,2023-04-05 00:00:00+03,14142709
1301,1,3,3,2021-12-28 00:00:00+03,22784562
1302,3,3,2,2022-08-05 00:00:00+03,6555678
1303,5,2,3,2023-06-30 00:00:00+03,35635662
1304,2,1,2,2020-08-29 00:00:00+03,49122910
1305,3,1,2,2019-06-29 00:00:00+03,9402103
1306,1,2,3,2023-03-24 00:00:00+03,48647659
1307,1,2,1,2020-11-07 00:00:00+03,21300767
1308,5,1,2,2024-02-09 00:00:00+03,39836788
1309,5,3,3,2021-10-25 00:00:00+03,49218531
1310,4,2,2,2019-10-24 00:00:00+03,16003780
1311,4,2,1,2020-08-15 00:00:00+03,10156653
1312,4,2,1,2020-01-22 00:00:00+03,49067204
1313,4,3,3,2024-01-17 00:00:00+03,21804991
1314,4,2,2,2021-06-29 00:00:00+03,31045754
1315,5,1,3,2020-02-28 00:00:00+03,43542300
1316,3,1,2,2023-12-30 00:00:00+03,35984079
1317,1,3,3,2019-01-20 00:00:00+03,30044062
1318,3,1,3,2021-03-07 00:00:00+03,36874672
1319,2,1,3,2021-05-19 00:00:00+03,45830493
1320,2,2,3,2020-08-06 00:00:00+03,10233741
1321,3,3,1,2023-04-04 00:00:00+03,18209444
1322,1,3,3,2021-02-19 00:00:00+03,38857818
1323,2,3,2,2022-06-15 00:00:00+03,45430419
1324,5,1,1,2023-01-22 00:00:00+03,43911772
1325,1,2,2,2023-08-24 00:00:00+03,36611704
1326,2,1,2,2024-01-12 00:00:00+03,14295751
1327,4,2,2,2021-07-08 00:00:00+03,46716897
1328,4,2,3,2023-03-31 00:00:00+03,6673189
1329,1,1,1,2023-05-18 00:00:00+03,28347349
1330,2,2,3,2019-09-28 00:00:00+03,14890983
1331,2,2,2,2019-11-21 00:00:00+03,25989884
1332,4,1,1,2020-03-03 00:00:00+03,37633515
1333,3,1,1,2020-05-11 00:00:00+03,42899372
1334,2,3,1,2023-01-03 00:00:00+03,40292596
1335,5,3,3,2022-03-18 00:00:00+03,12455761
1336,1,1,3,2022-06-04 00:00:00+03,34746325
1337,5,3,3,2023-06-27 00:00:00+03,7621386
1338,1,3,2,2021-12-08 00:00:00+03,19286772
1339,5,2,2,2022-02-28 00:00:00+03,6314639
1340,2,3,1,2022-11-01 00:00:00+03,37349990
1341,1,2,3,2023-05-06 00:00:00+03,30686710
1342,2,2,3,2024-10-23 00:00:00+03,38734360
1343,3,3,1,2023-09-01 00:00:00+03,45168259
1344,5,2,2,2020-10-11 00:00:00+03,48262958
1345,2,2,3,2020-02-09 00:00:00+03,40097721
1346,2,1,1,2021-04-20 00:00:00+03,15009769
1347,1,3,3,2019-04-20 00:00:00+03,14288175
1348,3,3,2,2019-05-20 00:00:00+03,10325829
1349,4,2,3,2022-11-07 00:00:00+03,35978577
1350,3,2,2,2022-10-01 00:00:00+03,22116099
1351,3,2,3,2024-07-02 00:00:00+03,5259920
1352,4,1,2,2019-04-08 00:00:00+03,16638644
1353,1,2,2,2019-10-17 00:00:00+03,12979393
1354,5,2,3,2023-11-30 00:00:00+03,20508724
1355,1,2,3,2024-11-01 00:00:00+03,39210420
1356,3,2,1,2022-04-10 00:00:00+03,21048119
1357,1,1,1,2021-01-28 00:00:00+03,20407136
1358,4,2,2,2024-07-18 00:00:00+03,21554090
1359,5,3,3,2022-06-29 00:00:00+03,9313629
1360,2,1,3,2019-04-20 00:00:00+03,23420022
1361,4,3,1,2024-01-22 00:00:00+03,7250654
1362,5,1,2,2019-06-16 00:00:00+03,21804548
1363,1,3,1,2020-04-16 00:00:00+03,29703267
1364,3,2,1,2024-01-30 00:00:00+03,38369885
1365,1,2,1,2019-02-01 00:00:00+03,44086725
1366,5,2,2,2021-11-03 00:00:00+03,44359181
1367,3,2,2,2023-09-05 00:00:00+03,36144327
1368,4,1,2,2023-02-19 00:00:00+03,34846818
1369,2,3,3,2020-06-28 00:00:00+03,34818223
1370,5,2,3,2023-10-29 00:00:00+03,39773094
1371,4,2,2,2024-08-15 00:00:00+03,21462178
1372,4,1,2,2021-01-27 00:00:00+03,29953402
1373,5,3,3,2022-04-24 00:00:00+03,5638955
1374,5,1,2,2019-02-20 00:00:00+03,17216276
1375,4,3,3,2024-03-25 00:00:00+03,21332246
1376,1,3,1,2019-04-19 00:00:00+03,13798738
1377,4,3,3,2019-04-06 00:00:00+03,14116240
1378,3,1,2,2019-05-15 00:00:00+03,43259884
1379,2,2,1,2023-07-10 00:00:00+03,42019370
1380,4,1,3,2020-04-30 00:00:00+03,19623948
1381,3,3,3,2020-01-24 00:00:00+03,16487073
1382,1,2,2,2022-04-01 00:00:00+03,13013985
1383,3,3,2,2020-09-11 00:00:00+03,10373686
1384,5,2,2,2020-04-07 00:00:00+03,42395557
1385,1,1,1,2021-11-16 00:00:00+03,19861947
1386,5,2,1,2020-09-17 00:00:00+03,30273348
1387,2,2,3,2022-09-05 00:00:00+03,39176592
1388,2,1,2,2022-02-04 00:00:00+03,7980656
1389,5,2,2,2024-12-08 00:00:00+03,28393910
1390,5,2,2,2023-07-01 00:00:00+03,9859331
1391,2,2,3,2023-04-17 00:00:00+03,27908111
1392,4,1,3,2020-08-21 00:00:00+03,37144686
1393,3,3,1,2022-04-17 00:00:00+03,27377846
1394,5,2,3,2024-07-11 00:00:00+03,15514683
1395,4,2,2,2023-04-13 00:00:00+03,29210710
1396,4,2,1,2020-05-30 00:00:00+03,18980258
1397,5,1,2,2023-07-23 00:00:00+03,29274561
1398,3,1,1,2020-09-07 00:00:00+03,28942488
1399,1,2,1,2021-01-23 00:00:00+03,44251212
1400,3,1,3,2024-11-05 00:00:00+03,15069126
1401,4,2,3,2021-09-29 00:00:00+03,33284279
1402,3,3,3,2024-05-27 00:00:00+03,22215147
1403,3,2,1,2023-04-13 00:00:00+03,24737949
1404,4,3,1,2024-02-22 00:00:00+03,21518884
1405,3,2,3,2019-05-10 00:00:00+03,35554384
1406,3,1,1,2020-03-12 00:00:00+03,40286929
1407,5,3,2,2024-05-27 00:00:00+03,40451272
1408,5,3,1,2023-11-04 00:00:00+03,7102332
1409,2,3,1,2021-11-17 00:00:00+03,25476327
1410,2,2,3,2024-05-02 00:00:00+03,8149806
1411,4,1,2,2023-12-31 00:00:00+03,26000229
1412,2,1,3,2022-08-12 00:00:00+03,41406202
1413,5,1,2,2023-04-09 00:00:00+03,44669033
1414,1,1,3,2024-07-12 00:00:00+03,33444182
1415,2,2,3,2024-04-02 00:00:00+03,7491287
1416,3,3,2,2020-05-28 00:00:00+03,15590018
1417,1,3,2,2022-07-02 00:00:00+03,16483753
1418,1,2,2,2023-03-29 00:00:00+03,23219351
1419,3,3,1,2019-04-29 00:00:00+03,28064616
1420,5,1,3,2019-06-28 00:00:00+03,43690417
1421,2,2,2,2024-05-01 00:00:00+03,28941288
1422,2,1,1,2021-05-03 00:00:00+03,49907242
1423,2,2,1,2023-01-01 00:00:00+03,10870785
1424,5,3,2,2022-05-01 00:00:00+03,22731209
1425,2,1,3,2022-05-19 00:00:00+03,12473812
1426,1,3,1,2020-08-11 00:00:00+03,31873708
1427,1,2,2,2023-11-17 00:00:00+03,23681437
1428,5,3,3,2020-07-28 00:00:00+03,16983986
1429,4,2,3,2021-03-09 00:00:00+03,7319438
1430,2,1,3,2024-03-04 00:00:00+03,11908480
1431,5,1,1,2019-06-18 00:00:00+03,49383887
1432,1,3,3,2020-10-13 00:00:00+03,19351100
1433,5,2,2,2019-07-04 00:00:00+03,28278404
1434,2,2,2,2021-05-30 00:00:00+03,38127489
1435,3,3,2,2020-02-06 00:00:00+03,11722006
1436,5,1,1,2022-10-06 00:00:00+03,10004759
1437,2,1,1,2021-05-04 00:00:00+03,20750093
1438,1,2,2,2023-02-28 00:00:00+03,26661309
1439,3,2,2,2024-01-11 00:00:00+03,29784637
1440,1,3,1,2019-03-04 00:00:00+03,31245903
1441,5,2,3,2024-06-04 00:00:00+03,26096603
1442,4,2,2,2024-05-13 00:00:00+03,7608728
1443,5,3,1,2023-04-13 00:00:00+03,34709952
1444,2,3,2,2021-02-21 00:00:00+03,7258381
1445,4,1,2,2020-08-26 00:00:00+03,6192082
1446,5,2,3,2023-10-25 00:00:00+03,20012538
1447,5,3,3,2020-01-12 00:00:00+03,48299555
1448,4,2,2,2019-01-10 00:00:00+03,35115268
1449,2,2,3,2024-04-03 00:00:00+03,19605493
1450,1,1,2,2023-04-18 00:00:00+03,39618588
1451,5,2,1,2023-12-07 00:00:00+03,47398056
1452,2,3,2,2023-11-21 00:00:00+03,26355584
1453,2,1,1,2023-04-09 00:00:00+03,28772532
1454,4,1,2,2024-07-08 00:00:00+03,16867933
1455,4,2,2,2020-09-26 00:00:00+03,32615424
1456,2,3,3,2020-02-12 00:00:00+03,36791172
1457,4,3,3,2022-01-06 00:00:00+03,18162418
1458,4,1,2,2020-11-10 00:00:00+03,34026373
1459,5,2,1,2024-10-26 00:00:00+03,18726001
1460,4,3,2,2020-07-25 00:00:00+03,24327002
1461,3,2,3,2022-11-18 00:00:00+03,19839043
1462,1,1,3,2024-01-19 00:00:00+03,11432529
1463,1,2,2,2024-03-05 00:00:00+03,30470911
1464,1,3,1,2020-02-06 00:00:00+03,31427560
1465,2,1,3,2019-11-21 00:00:00+03,41858992
1466,3,2,2,2023-03-22 00:00:00+03,45035280
1467,2,2,1,2019-04-13 00:00:00+03,7250063
1468,4,3,1,2021-10-13 00:00:00+03,26443552
1469,4,2,3,2024-03-01 00:00:00+03,33548704
1470,5,3,3,2023-12-20 00:00:00+03,44369728
1471,1,3,3,2021-04-24 00:00:00+03,39153279
1472,1,1,2,2021-06-22 00:00:00+03,9806581
1473,2,2,3,2020-09-12 00:00:00+03,19324708
1474,3,1,3,2024-04-01 00:00:00+03,37264793
1475,4,2,1,2019-12-10 00:00:00+03,39250936
1476,5,3,3,2022-12-16 00:00:00+03,26771032
1477,4,1,2,2019-10-08 00:00:00+03,5961173
1478,3,1,3,2019-10-10 00:00:00+03,18112732
1479,2,3,1,2023-04-14 00:00:00+03,39258129
1480,5,1,3,2019-10-19 00:00:00+03,47001093
1481,3,2,1,2019-07-23 00:00:00+03,11195694
1482,3,3,3,2024-03-14 00:00:00+03,32893949
1483,4,1,1,2023-04-17 00:00:00+03,31617598
1484,3,1,3,2019-01-25 00:00:00+03,44263258
1485,5,3,1,2024-08-27 00:00:00+03,17371133
1486,2,2,2,2023-05-14 00:00:00+03,30479017
1487,2,3,1,2020-06-19 00:00:00+03,5364146
1488,4,1,2,2021-08-13 00:00:00+03,14851445
1489,2,1,3,2021-05-12 00:00:00+03,44072993
1490,5,2,1,2024-02-17 00:00:00+03,10634724
1491,1,3,2,2024-03-19 00:00:00+03,36873732
1492,1,1,1,2024-05-29 00:00:00+03,11777647
1493,2,1,3,2024-04-01 00:00:00+03,35245203
1494,1,2,1,2019-01-12 00:00:00+03,27169890
1495,1,1,1,2024-04-16 00:00:00+03,22588342
1496,3,1,1,2021-08-17 00:00:00+03,30718700
1497,2,2,2,2022-04-21 00:00:00+03,11250596
1498,5,3,1,2022-11-29 00:00:00+03,44026084
1499,3,2,2,2023-08-15 00:00:00+03,38542155
1500,4,1,3,2024-05-02 00:00:00+03,16741763
1501,2,2,1,2019-05-03 00:00:00+03,36749434
1502,2,1,3,2020-06-06 00:00:00+03,26841036
1503,3,2,2,2019-12-05 00:00:00+03,21891570
1504,1,2,3,2023-01-19 00:00:00+03,20089586
1505,1,1,2,2021-09-23 00:00:00+03,15712570
1506,4,3,2,2023-05-29 00:00:00+03,31472837
1507,5,1,1,2019-03-16 00:00:00+03,16835455
1508,3,3,2,2020-08-10 00:00:00+03,20066758
1509,4,3,1,2022-06-05 00:00:00+03,47374798
1510,2,2,1,2019-05-03 00:00:00+03,19056149
1511,4,2,1,2024-06-11 00:00:00+03,7816878
1512,4,3,1,2019-01-03 00:00:00+03,34329200
1513,2,3,3,2024-10-08 00:00:00+03,41410541
1514,4,1,1,2023-06-12 00:00:00+03,33876547
1515,3,3,3,2020-10-14 00:00:00+03,7058034
1516,2,1,1,2023-06-09 00:00:00+03,25240717
1517,1,2,1,2021-01-24 00:00:00+03,30844462
1518,5,3,3,2023-05-29 00:00:00+03,46892309
1519,2,1,3,2021-03-13 00:00:00+03,6623579
1520,4,2,3,2021-12-12 00:00:00+03,14891617
1521,4,2,3,2021-01-20 00:00:00+03,37528743
1522,1,3,1,2021-05-03 00:00:00+03,19355114
1523,1,3,2,2023-03-13 00:00:00+03,35160422
1524,1,3,2,2024-11-18 00:00:00+03,23092951
1525,4,2,1,2019-05-30 00:00:00+03,31115008
1526,5,1,2,2019-05-27 00:00:00+03,12366737
1527,4,1,3,2022-04-07 00:00:00+03,41171981
1528,5,1,3,2024-07-22 00:00:00+03,14251028
1529,4,1,1,2022-04-12 00:00:00+03,28970061
1530,3,3,3,2020-08-06 00:00:00+03,7819049
1531,5,3,2,2020-05-07 00:00:00+03,29528263
1532,4,2,3,2019-05-28 00:00:00+03,18971528
1533,1,2,2,2020-10-15 00:00:00+03,27009354
1534,5,1,2,2024-06-21 00:00:00+03,49581770
1535,1,3,2,2023-08-09 00:00:00+03,30061067
1536,5,1,2,2019-08-24 00:00:00+03,40247043
1537,3,1,3,2022-05-03 00:00:00+03,45529249
1538,5,3,1,2021-12-08 00:00:00+03,39736105
1539,1,3,3,2019-11-05 00:00:00+03,20332637
1540,3,1,1,2020-11-04 00:00:00+03,15771377
1541,4,2,1,2023-09-12 00:00:00+03,28608938
1542,5,2,3,2020-07-06 00:00:00+03,20079926
1543,1,2,1,2020-10-07 00:00:00+03,14790806
1544,1,2,1,2020-06-27 00:00:00+03,20891435
1545,4,1,2,2023-06-06 00:00:00+03,21014879
1546,4,2,3,2021-06-28 00:00:00+03,47450555
1547,1,1,1,2024-10-16 00:00:00+03,24268896
1548,2,2,2,2023-07-11 00:00:00+03,16459038
1549,1,2,1,2020-04-11 00:00:00+03,30945354
1550,4,1,3,2023-08-16 00:00:00+03,37737147
1551,2,3,3,2022-08-19 00:00:00+03,26626583
1552,2,1,2,2021-04-04 00:00:00+03,39894700
1553,3,1,2,2021-02-21 00:00:00+03,41522359
1554,4,1,2,2021-02-02 00:00:00+03,22267151
1555,2,1,3,2022-11-13 00:00:00+03,48397811
1556,2,2,2,2023-04-30 00:00:00+03,18844718
1557,3,1,1,2022-04-06 00:00:00+03,41851794
1558,2,3,3,2020-03-09 00:00:00+03,17658367
1559,4,1,1,2019-10-25 00:00:00+03,25701295
1560,1,3,1,2020-07-22 00:00:00+03,34316207
1561,1,3,1,2024-07-20 00:00:00+03,44943401
1562,2,3,3,2020-03-24 00:00:00+03,22435879
1563,2,3,2,2022-01-03 00:00:00+03,48492908
1564,4,1,1,2022-11-04 00:00:00+03,36207759
1565,3,3,3,2022-02-19 00:00:00+03,40137611
1566,4,3,3,2023-01-05 00:00:00+03,27718927
1567,4,3,1,2019-11-22 00:00:00+03,11026552
1568,1,1,3,2019-02-20 00:00:00+03,32237394
1569,1,3,1,2023-10-03 00:00:00+03,41153902
1570,4,3,2,2020-08-15 00:00:00+03,5603660
1571,4,1,1,2021-05-13 00:00:00+03,46463051
1572,5,1,3,2023-11-15 00:00:00+03,40115405
1573,4,1,1,2022-09-09 00:00:00+03,40484508
1574,5,2,1,2019-04-03 00:00:00+03,20569521
1575,3,3,1,2020-01-04 00:00:00+03,20805568
1576,3,3,1,2024-12-12 00:00:00+03,47711646
1577,5,1,1,2024-04-09 00:00:00+03,32802008
1578,2,1,3,2019-12-28 00:00:00+03,26220296
1579,2,1,3,2019-02-27 00:00:00+03,12039183
1580,1,1,3,2023-08-18 00:00:00+03,22236118
1581,5,1,1,2019-03-06 00:00:00+03,16597358
1582,4,3,2,2022-10-30 00:00:00+03,6999317
1583,4,3,3,2023-04-03 00:00:00+03,49196740
1584,2,2,2,2019-02-17 00:00:00+03,36391817
1585,3,1,1,2023-07-23 00:00:00+03,11095777
1586,4,2,3,2021-07-10 00:00:00+03,40656359
1587,2,3,1,2022-05-08 00:00:00+03,43139082
1588,5,2,1,2022-02-21 00:00:00+03,21643657
1589,4,3,1,2024-06-28 00:00:00+03,44631483
1590,5,1,2,2021-09-05 00:00:00+03,9258970
1591,5,3,2,2024-11-24 00:00:00+03,6194273
1592,5,3,3,2021-12-02 00:00:00+03,24045874
1593,5,1,3,2022-01-22 00:00:00+03,42043558
1594,3,2,1,2019-04-04 00:00:00+03,26071487
1595,3,1,1,2019-04-01 00:00:00+03,16406020
1596,2,3,3,2023-10-27 00:00:00+03,22946016
1597,5,1,2,2024-07-19 00:00:00+03,14042715
1598,1,2,1,2023-10-14 00:00:00+03,7703231
1599,4,3,3,2023-08-18 00:00:00+03,49665576
1600,2,2,1,2023-11-14 00:00:00+03,20432247
1601,5,2,3,2022-04-11 00:00:00+03,38843180
1602,3,1,1,2019-11-09 00:00:00+03,27848117
1603,3,3,1,2020-06-10 00:00:00+03,13739793
1604,4,2,1,2019-10-06 00:00:00+03,49244661
1605,4,1,3,2021-08-30 00:00:00+03,38746159
1606,1,2,2,2019-05-29 00:00:00+03,30752481
1607,4,2,1,2023-03-09 00:00:00+03,23671602
1608,2,1,3,2019-03-19 00:00:00+03,28374201
1609,1,3,2,2023-02-11 00:00:00+03,36277769
1610,2,2,2,2022-02-21 00:00:00+03,38849040
1611,2,2,2,2019-01-05 00:00:00+03,47567653
1612,1,1,1,2022-12-21 00:00:00+03,42452387
1613,3,1,2,2022-09-25 00:00:00+03,11166035
1614,4,3,3,2024-03-12 00:00:00+03,6882678
1615,4,2,2,2019-08-04 00:00:00+03,23134934
1616,1,1,2,2024-08-10 00:00:00+03,33602426
1617,4,3,2,2019-05-22 00:00:00+03,20367812
1618,3,1,2,2023-02-24 00:00:00+03,45423802
1619,4,2,1,2024-07-14 00:00:00+03,21002986
1620,4,3,3,2022-11-07 00:00:00+03,19892896
1621,3,3,2,2019-04-25 00:00:00+03,35184863
1622,5,3,2,2023-08-06 00:00:00+03,27592301
1623,3,3,1,2020-12-21 00:00:00+03,27770882
1624,1,1,3,2019-04-30 00:00:00+03,29336733
1625,4,3,3,2022-02-11 00:00:00+03,49085736
1626,4,1,2,2024-04-14 00:00:00+03,38384365
1627,3,1,3,2021-08-22 00:00:00+03,25061301
1628,4,3,2,2021-12-20 00:00:00+03,37586374
1629,4,2,3,2022-10-10 00:00:00+03,14694066
1630,2,3,3,2024-10-13 00:00:00+03,12226649
1631,4,2,3,2022-08-05 00:00:00+03,13804912
1632,2,3,3,2019-07-17 00:00:00+03,37563907
1633,2,2,3,2021-06-26 00:00:00+03,38765151
1634,1,2,1,2022-11-08 00:00:00+03,16215462
1635,3,3,3,2024-01-11 00:00:00+03,13950473
1636,3,1,2,2024-10-20 00:00:00+03,12724716
1637,5,3,3,2020-01-11 00:00:00+03,18192049
1638,1,3,3,2024-11-04 00:00:00+03,19348316
1639,2,1,2,2022-08-10 00:00:00+03,27237239
1640,2,3,1,2022-01-02 00:00:00+03,31456403
1641,1,3,1,2023-08-23 00:00:00+03,8682324
1642,4,1,2,2024-06-21 00:00:00+03,14527890
1643,5,1,3,2024-10-08 00:00:00+03,24150950
1644,5,2,2,2020-05-21 00:00:00+03,23164892
1645,4,3,3,2021-09-14 00:00:00+03,39837289
1646,3,2,1,2022-10-01 00:00:00+03,45348550
1647,4,2,1,2019-12-08 00:00:00+03,43010435
1648,4,1,1,2021-03-08 00:00:00+03,17922365
1649,4,3,3,2019-03-02 00:00:00+03,43953815
1650,2,2,3,2021-07-01 00:00:00+03,11078070
1651,3,2,2,2021-11-22 00:00:00+03,48656303
1652,2,1,3,2020-01-04 00:00:00+03,44039990
1653,4,2,2,2020-10-22 00:00:00+03,39482803
1654,1,2,2,2022-01-19 00:00:00+03,43286739
1655,4,1,2,2021-10-29 00:00:00+03,49281345
1656,3,2,2,2021-02-01 00:00:00+03,21202659
1657,1,3,3,2020-02-01 00:00:00+03,34572207
1658,1,3,1,2021-07-01 00:00:00+03,29994622
1659,3,1,1,2019-12-26 00:00:00+03,29749263
1660,5,2,3,2022-04-04 00:00:00+03,22385460
1661,3,3,3,2024-06-29 00:00:00+03,45205644
1662,1,1,2,2022-01-18 00:00:00+03,30145342
1663,2,1,1,2021-08-15 00:00:00+03,9811839
1664,3,3,2,2020-12-16 00:00:00+03,5735541
1665,2,1,1,2020-03-05 00:00:00+03,45068966
1666,3,2,3,2024-11-19 00:00:00+03,10809365
1667,3,1,3,2022-10-30 00:00:00+03,17793502
1668,4,1,1,2021-02-05 00:00:00+03,21102307
1669,2,2,1,2023-01-24 00:00:00+03,15192619
1670,3,1,3,2024-11-09 00:00:00+03,46975236
1671,3,3,2,2021-05-12 00:00:00+03,25549712
1672,3,3,3,2023-09-02 00:00:00+03,17929595
1673,3,3,1,2019-03-14 00:00:00+03,37254015
1674,4,2,1,2019-09-19 00:00:00+03,41111635
1675,2,1,1,2020-08-04 00:00:00+03,22702790
1676,4,2,1,2023-10-20 00:00:00+03,43870784
1677,4,2,2,2023-02-18 00:00:00+03,5741162
1678,3,1,1,2022-12-28 00:00:00+03,41388387
1679,2,2,2,2021-01-18 00:00:00+03,16469045
1680,5,1,3,2023-06-03 00:00:00+03,16258393
1681,3,3,3,2022-10-29 00:00:00+03,18739442
1682,2,3,1,2023-12-25 00:00:00+03,25883458
1683,4,1,1,2024-02-15 00:00:00+03,32608406
1684,4,1,3,2021-12-07 00:00:00+03,14890879
1685,5,1,2,2019-07-16 00:00:00+03,33908865
1686,3,3,2,2021-09-12 00:00:00+03,44748932
1687,5,1,1,2021-06-18 00:00:00+03,41239987
1688,3,3,2,2023-02-22 00:00:00+03,12969971
1689,5,2,3,2022-04-22 00:00:00+03,47097825
1690,2,2,2,2024-02-10 00:00:00+03,37054232
1691,1,1,1,2019-03-08 00:00:00+03,29211498
1692,1,1,3,2019-01-30 00:00:00+03,13369545
1693,3,2,3,2023-08-06 00:00:00+03,48470829
1694,4,1,1,2022-10-11 00:00:00+03,44047377
1695,3,2,1,2021-11-03 00:00:00+03,9475846
1696,1,3,2,2019-09-28 00:00:00+03,13839662
1697,4,1,3,2022-12-19 00:00:00+03,19110049
1698,2,2,2,2022-08-04 00:00:00+03,23070471
1699,5,1,1,2022-04-08 00:00:00+03,11151961
1700,4,3,1,2019-09-16 00:00:00+03,25608099
1701,3,3,3,2022-03-03 00:00:00+03,12115018
1702,2,1,1,2021-03-15 00:00:00+03,44489147
1703,2,1,2,2021-02-07 00:00:00+03,23646395
1704,4,2,2,2023-08-14 00:00:00+03,29129354
1705,1,1,3,2023-09-12 00:00:00+03,21234284
1706,4,2,1,2023-01-05 00:00:00+03,22584894
1707,1,3,3,2023-01-22 00:00:00+03,14356299
1708,5,2,1,2020-08-31 00:00:00+03,11211023
1709,4,3,1,2022-11-03 00:00:00+03,7093421
1710,5,3,3,2019-12-06 00:00:00+03,7309080
1711,1,2,2,2024-12-01 00:00:00+03,43483676
1712,4,3,1,2022-11-12 00:00:00+03,27018652
1713,4,2,1,2023-03-19 00:00:00+03,15567197
1714,4,3,3,2023-09-20 00:00:00+03,33148402
1715,4,1,3,2020-02-16 00:00:00+03,16398060
1716,2,2,2,2021-07-31 00:00:00+03,30662806
1717,2,3,3,2023-10-26 00:00:00+03,16477663
1718,3,1,2,2024-03-23 00:00:00+03,41521450
1719,1,2,1,2024-09-05 00:00:00+03,14933011
1720,1,3,1,2021-04-13 00:00:00+03,48541525
1721,2,1,2,2020-08-06 00:00:00+03,16203818
1722,5,1,2,2021-02-15 00:00:00+03,39315657
1723,4,1,2,2020-01-28 00:00:00+03,5346686
1724,4,1,1,2023-12-21 00:00:00+03,16398512
1725,3,3,3,2020-02-13 00:00:00+03,34990271
1726,5,2,2,2021-05-03 00:00:00+03,8974364
1727,2,1,3,2019-10-20 00:00:00+03,19778478
1728,5,3,2,2021-10-03 00:00:00+03,16512372
1729,3,3,2,2021-03-16 00:00:00+03,8458701
1730,5,3,2,2020-12-26 00:00:00+03,12416883
1731,3,3,2,2024-06-20 00:00:00+03,21520700
1732,3,3,1,2021-05-14 00:00:00+03,6607894
1733,2,3,3,2019-12-25 00:00:00+03,14785367
1734,1,1,3,2021-12-05 00:00:00+03,30626699
1735,3,2,1,2023-04-25 00:00:00+03,7959331
1736,5,2,3,2021-09-16 00:00:00+03,28321402
1737,4,2,3,2022-09-15 00:00:00+03,45432501
1738,2,2,3,2022-12-19 00:00:00+03,27154401
1739,3,1,3,2019-07-09 00:00:00+03,47735174
1740,4,2,3,2021-08-30 00:00:00+03,39943412
1741,4,2,1,2019-03-30 00:00:00+03,10810119
1742,2,2,2,2023-06-06 00:00:00+03,43399868
1743,1,3,2,2022-09-05 00:00:00+03,42130913
1744,2,2,1,2021-03-21 00:00:00+03,28435010
1745,3,3,3,2022-05-28 00:00:00+03,42674948
1746,5,2,3,2023-09-19 00:00:00+03,44105723
1747,5,2,1,2024-01-15 00:00:00+03,32575476
1748,1,3,2,2024-05-03 00:00:00+03,24063348
1749,5,2,2,2022-05-11 00:00:00+03,23013887
1750,2,2,3,2023-01-26 00:00:00+03,25459876
1751,3,3,1,2019-07-15 00:00:00+03,26905814
1752,2,3,1,2022-08-02 00:00:00+03,39674807
1753,1,3,2,2023-10-21 00:00:00+03,39333535
1754,4,1,2,2021-05-16 00:00:00+03,34484524
1755,1,2,2,2021-05-18 00:00:00+03,21864236
1756,3,2,1,2021-04-15 00:00:00+03,21315538
1757,2,3,3,2024-04-27 00:00:00+03,9413815
1758,4,3,2,2019-02-11 00:00:00+03,22346919
1759,1,1,3,2021-08-29 00:00:00+03,21948057
1760,5,1,2,2024-01-02 00:00:00+03,33367380
1761,5,1,2,2022-08-25 00:00:00+03,33558595
1762,5,1,1,2024-08-27 00:00:00+03,12182736
1763,4,2,2,2024-11-01 00:00:00+03,16511224
1764,4,3,2,2024-11-04 00:00:00+03,22563599
1765,4,3,3,2019-07-12 00:00:00+03,42085404
1766,5,2,1,2021-02-15 00:00:00+03,15710230
1767,5,3,3,2023-08-06 00:00:00+03,41563246
1768,3,3,1,2020-08-23 00:00:00+03,20142600
1769,4,3,2,2020-11-12 00:00:00+03,22805064
1770,4,2,3,2023-11-19 00:00:00+03,6943781
1771,1,1,3,2019-10-22 00:00:00+03,31317961
1772,2,2,2,2021-09-11 00:00:00+03,12649605
1773,2,2,1,2021-08-01 00:00:00+03,48311505
1774,5,1,1,2020-09-26 00:00:00+03,13818482
1775,3,1,3,2020-11-19 00:00:00+03,34033336
1776,1,2,2,2024-02-21 00:00:00+03,49612498
1777,5,1,1,2024-09-09 00:00:00+03,32358059
1778,2,3,2,2021-01-22 00:00:00+03,8949250
1779,1,1,3,2020-11-10 00:00:00+03,46660966
1780,1,1,1,2021-09-14 00:00:00+03,38230527
1781,2,3,1,2024-01-28 00:00:00+03,21919465
1782,2,3,3,2020-07-19 00:00:00+03,27466725
1783,4,3,2,2019-12-03 00:00:00+03,18163716
1784,5,3,3,2020-05-08 00:00:00+03,12726845
1785,5,3,2,2021-02-10 00:00:00+03,10404961
1786,5,3,1,2019-10-14 00:00:00+03,5281594
1787,2,3,3,2019-02-02 00:00:00+03,10145679
1788,5,1,1,2023-05-27 00:00:00+03,34242385
1789,1,1,3,2023-11-07 00:00:00+03,40656751
1790,2,3,3,2024-02-13 00:00:00+03,29193618
1791,3,2,1,2020-07-10 00:00:00+03,36661535
1792,4,3,1,2022-07-29 00:00:00+03,13449874
1793,3,2,3,2022-05-13 00:00:00+03,29378490
1794,1,2,2,2019-12-07 00:00:00+03,16117975
1795,2,2,1,2024-03-02 00:00:00+03,17068883
1796,3,3,2,2020-07-10 00:00:00+03,23539422
1797,1,1,1,2019-08-03 00:00:00+03,5501055
1798,3,3,1,2022-10-21 00:00:00+03,28914796
1799,1,3,1,2024-08-13 00:00:00+03,20304749
1800,1,2,1,2023-03-11 00:00:00+03,16102645
1801,4,3,1,2024-08-26 00:00:00+03,38061756
1802,2,3,2,2022-12-15 00:00:00+03,36252912
1803,3,1,3,2020-09-26 00:00:00+03,31926915
1804,4,1,2,2023-09-23 00:00:00+03,13448297
1805,1,2,1,2020-01-09 00:00:00+03,41212976
1806,1,3,2,2022-02-12 00:00:00+03,22840558
1807,1,2,1,2024-10-15 00:00:00+03,42890884
1808,3,1,1,2022-12-01 00:00:00+03,15377777
1809,5,3,3,2021-08-20 00:00:00+03,10741597
1810,2,1,2,2019-07-02 00:00:00+03,17598399
1811,1,3,2,2021-08-12 00:00:00+03,16258478
1812,4,2,2,2022-09-07 00:00:00+03,5144301
1813,4,3,3,2019-12-11 00:00:00+03,5233961
1814,2,3,3,2024-08-25 00:00:00+03,28353882
1815,5,3,2,2022-12-10 00:00:00+03,11734068
1816,3,2,3,2019-10-11 00:00:00+03,13662554
1817,5,1,2,2024-03-29 00:00:00+03,12355105
1818,4,3,3,2023-06-07 00:00:00+03,39830525
1819,2,1,3,2023-03-27 00:00:00+03,35900009
1820,5,1,3,2020-04-26 00:00:00+03,8125502
1821,3,3,3,2020-06-25 00:00:00+03,5181891
1822,1,3,2,2022-08-21 00:00:00+03,37166652
1823,5,2,2,2023-01-23 00:00:00+03,18957275
1824,4,1,1,2023-07-05 00:00:00+03,9420216
1825,1,3,3,2021-12-30 00:00:00+03,9682545
1826,2,2,2,2020-04-11 00:00:00+03,10029220
1827,3,2,3,2020-09-17 00:00:00+03,37433498
1828,3,3,1,2019-02-28 00:00:00+03,45252125
1829,3,3,1,2024-07-05 00:00:00+03,42481996
1830,5,1,2,2022-09-06 00:00:00+03,20297205
1831,3,1,3,2024-05-01 00:00:00+03,5303499
1832,3,1,1,2019-03-14 00:00:00+03,18475910
1833,3,3,1,2024-03-04 00:00:00+03,29741340
1834,2,3,1,2019-10-18 00:00:00+03,47829655
1835,3,2,3,2020-11-27 00:00:00+03,32603257
1836,3,3,3,2019-01-28 00:00:00+03,16315842
1837,3,3,1,2023-02-18 00:00:00+03,14122175
1838,1,3,2,2024-08-31 00:00:00+03,6860666
1839,4,3,2,2022-07-21 00:00:00+03,23915234
1840,1,1,2,2024-12-10 00:00:00+03,33590459
1841,3,2,2,2021-01-12 00:00:00+03,42035255
1842,4,2,3,2022-04-20 00:00:00+03,47566876
1843,3,2,1,2022-06-28 00:00:00+03,20548549
1844,4,3,1,2023-11-16 00:00:00+03,43617674
1845,2,3,3,2024-09-13 00:00:00+03,34031748
1846,5,3,3,2024-11-20 00:00:00+03,17223753
1847,2,1,1,2019-05-06 00:00:00+03,7317780
1848,2,2,1,2019-01-05 00:00:00+03,46754009
1849,2,2,2,2021-06-26 00:00:00+03,49922791
1850,5,3,2,2024-05-28 00:00:00+03,48895898
1851,5,2,2,2021-08-14 00:00:00+03,32793007
1852,2,3,1,2024-10-20 00:00:00+03,47348885
1853,1,1,1,2019-11-19 00:00:00+03,35900509
1854,1,2,1,2019-06-06 00:00:00+03,42101027
1855,5,1,3,2023-02-13 00:00:00+03,39170415
1856,2,3,3,2023-08-01 00:00:00+03,46894115
1857,4,2,1,2020-01-25 00:00:00+03,28402477
1858,4,2,2,2020-09-01 00:00:00+03,24146670
1859,5,1,3,2023-03-27 00:00:00+03,48791003
1860,2,1,3,2024-09-02 00:00:00+03,48423953
1861,1,1,2,2019-11-14 00:00:00+03,31205969
1862,3,3,2,2020-10-10 00:00:00+03,43899225
1863,4,1,2,2021-10-30 00:00:00+03,10868611
1864,1,1,2,2023-06-28 00:00:00+03,13355536
1865,1,3,3,2024-04-25 00:00:00+03,30314754
1866,1,2,3,2024-02-25 00:00:00+03,46962519
1867,5,2,1,2022-10-21 00:00:00+03,8083148
1868,5,2,2,2022-08-08 00:00:00+03,42657189
1869,3,2,3,2019-12-27 00:00:00+03,31636819
1870,1,3,3,2024-06-14 00:00:00+03,8817517
1871,3,1,3,2019-02-28 00:00:00+03,47708923
1872,2,2,1,2022-05-05 00:00:00+03,29181893
1873,3,1,3,2020-05-26 00:00:00+03,33580961
1874,2,3,2,2023-03-30 00:00:00+03,9823636
1875,1,2,3,2023-09-27 00:00:00+03,8674910
1876,1,3,1,2024-08-18 00:00:00+03,18734476
1877,5,1,2,2023-02-03 00:00:00+03,49476876
1878,2,3,3,2021-02-21 00:00:00+03,7082596
1879,4,2,3,2023-09-27 00:00:00+03,19727828
1880,4,3,2,2022-05-13 00:00:00+03,30537520
1881,3,2,2,2019-03-08 00:00:00+03,31267654
1882,1,1,1,2023-01-20 00:00:00+03,42669825
1883,1,2,2,2019-12-11 00:00:00+03,41347105
1884,3,3,2,2024-01-02 00:00:00+03,45403823
1885,2,3,1,2023-05-30 00:00:00+03,6364037
1886,5,1,3,2020-05-27 00:00:00+03,37442393
1887,1,3,1,2023-10-11 00:00:00+03,43762801
1888,2,2,3,2021-04-16 00:00:00+03,34459874
1889,5,2,1,2024-06-05 00:00:00+03,45030510
1890,3,3,3,2023-12-26 00:00:00+03,22220892
1891,1,3,2,2022-04-19 00:00:00+03,17037109
1892,1,2,3,2022-12-29 00:00:00+03,28326555
1893,3,3,1,2021-12-15 00:00:00+03,12366901
1894,2,3,3,2020-12-10 00:00:00+03,18900156
1895,3,2,3,2024-05-09 00:00:00+03,18641893
1896,4,2,3,2022-11-25 00:00:00+03,30773046
1897,4,1,3,2023-12-21 00:00:00+03,42597879
1898,1,1,3,2022-09-22 00:00:00+03,19660725
1899,2,1,2,2024-09-10 00:00:00+03,18377449
1900,2,1,2,2022-03-21 00:00:00+03,39048547
1901,4,1,3,2019-01-20 00:00:00+03,23302451
1902,4,2,3,2019-10-26 00:00:00+03,5506030
1903,5,3,1,2022-09-21 00:00:00+03,19693715
1904,2,2,2,2020-08-23 00:00:00+03,43432928
1905,2,2,2,2023-01-28 00:00:00+03,6320737
1906,5,2,1,2023-05-31 00:00:00+03,38243973
1907,2,1,1,2019-02-03 00:00:00+03,37115682
1908,1,1,3,2024-07-24 00:00:00+03,20897557
1909,1,3,2,2022-12-16 00:00:00+03,33118831
1910,5,2,1,2020-05-17 00:00:00+03,45548096
1911,3,2,2,2023-04-05 00:00:00+03,34621335
1912,2,1,1,2023-11-05 00:00:00+03,10119415
1913,4,2,2,2021-09-15 00:00:00+03,25258342
1914,5,2,1,2023-03-13 00:00:00+03,46855475
1915,1,3,1,2019-03-26 00:00:00+03,7137138
1916,3,1,3,2020-11-16 00:00:00+03,15009463
1917,5,3,1,2021-05-07 00:00:00+03,42681021
1918,5,1,2,2021-07-04 00:00:00+03,26970975
1919,1,3,1,2024-05-26 00:00:00+03,23178149
1920,3,3,2,2019-12-27 00:00:00+03,23895043
1921,5,2,2,2022-03-15 00:00:00+03,49872495
1922,1,1,2,2021-02-26 00:00:00+03,15686359
1923,2,1,2,2024-05-15 00:00:00+03,43789418
1924,2,1,3,2024-04-10 00:00:00+03,48439874
1925,4,2,2,2023-09-14 00:00:00+03,5005994
1926,5,1,2,2020-01-24 00:00:00+03,22045942
1927,1,3,2,2019-02-26 00:00:00+03,15079561
1928,5,1,1,2020-02-11 00:00:00+03,16738643
1929,1,2,1,2019-11-24 00:00:00+03,30373002
1930,5,2,2,2024-04-22 00:00:00+03,46483927
1931,2,1,1,2023-06-11 00:00:00+03,22291018
1932,3,2,3,2021-04-24 00:00:00+03,24860478
1933,1,1,3,2022-09-19 00:00:00+03,44908357
1934,2,1,1,2024-09-24 00:00:00+03,45588576
1935,2,3,3,2019-10-22 00:00:00+03,46799116
1936,2,1,3,2023-04-09 00:00:00+03,29734284
1937,3,3,1,2022-03-26 00:00:00+03,15931810
1938,5,2,3,2024-10-22 00:00:00+03,22924114
1939,2,2,2,2021-02-26 00:00:00+03,7890563
1940,4,1,1,2019-08-06 00:00:00+03,7242869
1941,5,2,2,2024-01-12 00:00:00+03,21159774
1942,3,2,2,2024-07-29 00:00:00+03,39207585
1943,2,2,2,2022-11-03 00:00:00+03,46700999
1944,2,1,2,2024-08-07 00:00:00+03,22573206
1945,3,1,2,2022-05-17 00:00:00+03,14104733
1946,5,1,2,2024-10-17 00:00:00+03,42518718
1947,4,2,2,2022-04-29 00:00:00+03,15733156
1948,1,1,1,2022-08-21 00:00:00+03,9963955
1949,3,1,2,2019-05-31 00:00:00+03,11783799
1950,5,1,3,2024-05-20 00:00:00+03,5471218
1951,3,2,1,2023-02-12 00:00:00+03,43174324
1952,5,2,2,2023-05-30 00:00:00+03,42579473
1953,5,2,2,2023-03-21 00:00:00+03,6149555
1954,3,3,1,2020-05-03 00:00:00+03,11510048
1955,2,3,3,2020-10-26 00:00:00+03,41743982
1956,2,3,2,2024-06-24 00:00:00+03,14892839
1957,2,1,3,2023-02-22 00:00:00+03,14788087
1958,2,1,2,2023-10-16 00:00:00+03,18965000
1959,5,1,3,2022-11-19 00:00:00+03,38910180
1960,5,1,2,2021-08-14 00:00:00+03,31173597
1961,2,2,1,2021-04-06 00:00:00+03,44399147
1962,3,2,3,2020-02-24 00:00:00+03,24953352
1963,4,2,2,2022-09-14 00:00:00+03,5137112
1964,3,3,2,2020-08-19 00:00:00+03,45538676
1965,4,3,1,2023-08-03 00:00:00+03,35819936
1966,1,2,1,2024-03-15 00:00:00+03,27231718
1967,3,2,2,2020-02-04 00:00:00+03,34716212
1968,4,2,2,2020-07-10 00:00:00+03,42913603
1969,4,3,2,2021-09-08 00:00:00+03,6649863
1970,2,1,2,2019-11-30 00:00:00+03,24269072
1971,4,1,1,2021-10-05 00:00:00+03,40608593
1972,4,3,1,2024-11-04 00:00:00+03,48289913
1973,3,2,3,2020-01-15 00:00:00+03,23378158
1974,4,3,3,2019-01-11 00:00:00+03,46942687
1975,5,1,1,2023-08-26 00:00:00+03,36387031
1976,2,1,3,2021-11-15 00:00:00+03,21130599
1977,1,3,3,2022-10-16 00:00:00+03,17732269
1978,2,2,2,2019-08-22 00:00:00+03,14905784
1979,1,1,2,2019-03-25 00:00:00+03,18961825
1980,3,3,2,2021-05-29 00:00:00+03,23799955
1981,3,2,1,2022-12-20 00:00:00+03,11584420
1982,5,1,3,2022-04-07 00:00:00+03,23208953
1983,5,3,3,2023-09-25 00:00:00+03,37618288
1984,4,3,3,2022-06-04 00:00:00+03,11061189
1985,4,1,1,2020-09-16 00:00:00+03,45839265
1986,3,2,2,2023-09-17 00:00:00+03,26805695
1987,2,2,2,2019-01-20 00:00:00+03,20710256
1988,1,2,3,2019-01-24 00:00:00+03,24881057
1989,4,1,2,2020-11-01 00:00:00+03,19484070
1990,1,3,3,2023-12-11 00:00:00+03,19974357
1991,5,3,2,2022-03-19 00:00:00+03,30642344
1992,1,1,1,2024-09-28 00:00:00+03,38018446
1993,3,2,2,2020-09-27 00:00:00+03,11537403
1994,1,1,2,2024-10-20 00:00:00+03,17258111
1995,3,2,1,2019-04-25 00:00:00+03,36511314
1996,1,1,1,2023-07-23 00:00:00+03,11028995
1997,2,1,3,2022-07-05 00:00:00+03,11708347
1998,2,3,3,2024-07-20 00:00:00+03,18096397
1999,4,2,2,2019-11-21 00:00:00+03,15014338
2000,3,3,2,2021-05-21 00:00:00+03,14536125
